date,product_id,product_name,category,unit_price_xof,units_sold,revenue_xof,stock_level,reorder_point,lead_time_days
2026-01-30,PROD-001,Riz Brisé 50kg (Sac),Céréales,22500,13,292500,167,100,5
2026-01-31,PROD-001,Riz Brisé 50kg (Sac),Céréales,22500,24,540000,143,100,5
2026-02-01,PROD-001,Riz Brisé 50kg (Sac),Céréales,22500,15,337500,128,100,5
2026-02-02,PROD-001,Riz Brisé 50kg (Sac),Céréales,22500,16,360000,112,100,5
2026-02-03,PROD-001,Riz Brisé 50kg (Sac),Céréales,22500,20,450000,92,100,5
2026-02-04,PROD-001,Riz Brisé 50kg (Sac),Céréales,22500,12,270000,80,100,5
2026-02-05,PROD-001,Riz Brisé 50kg (Sac),Céréales,22500,14,315000,66,100,5
2026-02-06,PROD-001,Riz Brisé 50kg (Sac),Céréales,22500,15,337500,51,100,5
2026-02-07,PROD-001,Riz Brisé 50kg (Sac),Céréales,22500,25,562500,26,100,5
2026-02-08,PROD-001,Riz Brisé 50kg (Sac),Céréales,22500,20,450000,366,100,5
2026-02-09,PROD-001,Riz Brisé 50kg (Sac),Céréales,22500,16,360000,350,100,5
2026-02-10,PROD-001,Riz Brisé 50kg (Sac),Céréales,22500,12,270000,338,100,5
2026-02-11,PROD-001,Riz Brisé 50kg (Sac),Céréales,22500,17,382500,321,100,5
2026-02-12,PROD-001,Riz Brisé 50kg (Sac),Céréales,22500,17,382500,304,100,5
2026-02-13,PROD-001,Riz Brisé 50kg (Sac),Céréales,22500,13,292500,291,100,5
2026-02-14,PROD-001,Riz Brisé 50kg (Sac),Céréales,22500,23,517500,268,100,5
2026-02-15,PROD-001,Riz Brisé 50kg (Sac),Céréales,22500,14,315000,254,100,5
2026-02-16,PROD-001,Riz Brisé 50kg (Sac),Céréales,22500,11,247500,243,100,5
2026-02-17,PROD-001,Riz Brisé 50kg (Sac),Céréales,22500,11,247500,232,100,5
2026-02-18,PROD-001,Riz Brisé 50kg (Sac),Céréales,22500,13,292500,219,100,5
2026-02-19,PROD-001,Riz Brisé 50kg (Sac),Céréales,22500,7,157500,212,100,5
2026-02-20,PROD-001,Riz Brisé 50kg (Sac),Céréales,22500,11,247500,201,100,5
2026-02-21,PROD-001,Riz Brisé 50kg (Sac),Céréales,22500,22,495000,179,100,5
2026-02-22,PROD-001,Riz Brisé 50kg (Sac),Céréales,22500,14,315000,165,100,5
2026-02-23,PROD-001,Riz Brisé 50kg (Sac),Céréales,22500,8,180000,157,100,5
2026-02-24,PROD-001,Riz Brisé 50kg (Sac),Céréales,22500,15,337500,142,100,5
2026-02-25,PROD-001,Riz Brisé 50kg (Sac),Céréales,22500,15,337500,127,100,5
2026-02-26,PROD-001,Riz Brisé 50kg (Sac),Céréales,22500,16,360000,111,100,5
2026-02-27,PROD-001,Riz Brisé 50kg (Sac),Céréales,22500,11,247500,100,100,5
2026-02-28,PROD-001,Riz Brisé 50kg (Sac),Céréales,22500,25,562500,75,100,5
2026-03-01,PROD-001,Riz Brisé 50kg (Sac),Céréales,22500,18,405000,57,100,5
2026-03-02,PROD-001,Riz Brisé 50kg (Sac),Céréales,22500,13,292500,44,100,5
2026-03-03,PROD-001,Riz Brisé 50kg (Sac),Céréales,22500,18,405000,26,100,5
2026-03-04,PROD-001,Riz Brisé 50kg (Sac),Céréales,22500,21,472500,365,100,5
2026-03-05,PROD-001,Riz Brisé 50kg (Sac),Céréales,22500,19,427500,346,100,5
2026-03-06,PROD-001,Riz Brisé 50kg (Sac),Céréales,22500,20,450000,326,100,5
2026-03-07,PROD-001,Riz Brisé 50kg (Sac),Céréales,22500,24,540000,302,100,5
2026-03-08,PROD-001,Riz Brisé 50kg (Sac),Céréales,22500,20,450000,282,100,5
2026-03-09,PROD-001,Riz Brisé 50kg (Sac),Céréales,22500,23,517500,259,100,5
2026-03-10,PROD-001,Riz Brisé 50kg (Sac),Céréales,22500,15,337500,244,100,5
2026-03-11,PROD-001,Riz Brisé 50kg (Sac),Céréales,22500,12,270000,232,100,5
2026-03-12,PROD-001,Riz Brisé 50kg (Sac),Céréales,22500,13,292500,219,100,5
2026-03-13,PROD-001,Riz Brisé 50kg (Sac),Céréales,22500,22,495000,197,100,5
2026-03-14,PROD-001,Riz Brisé 50kg (Sac),Céréales,22500,25,562500,172,100,5
2026-03-15,PROD-001,Riz Brisé 50kg (Sac),Céréales,22500,27,607500,145,100,5
2026-03-16,PROD-001,Riz Brisé 50kg (Sac),Céréales,22500,12,270000,133,100,5
2026-03-17,PROD-001,Riz Brisé 50kg (Sac),Céréales,22500,10,225000,123,100,5
2026-03-18,PROD-001,Riz Brisé 50kg (Sac),Céréales,22500,12,270000,111,100,5
2026-03-19,PROD-001,Riz Brisé 50kg (Sac),Céréales,22500,8,180000,103,100,5
2026-03-20,PROD-001,Riz Brisé 50kg (Sac),Céréales,22500,20,450000,83,100,5
2026-03-21,PROD-001,Riz Brisé 50kg (Sac),Céréales,22500,18,405000,65,100,5
2026-03-22,PROD-001,Riz Brisé 50kg (Sac),Céréales,22500,28,630000,37,100,5
2026-03-23,PROD-001,Riz Brisé 50kg (Sac),Céréales,22500,12,270000,25,100,5
2026-03-24,PROD-001,Riz Brisé 50kg (Sac),Céréales,22500,10,225000,15,100,5
2026-03-25,PROD-001,Riz Brisé 50kg (Sac),Céréales,22500,14,315000,361,100,5
2026-03-26,PROD-001,Riz Brisé 50kg (Sac),Céréales,22500,5,112500,356,100,5
2026-03-27,PROD-001,Riz Brisé 50kg (Sac),Céréales,22500,19,427500,337,100,5
2026-03-28,PROD-001,Riz Brisé 50kg (Sac),Céréales,22500,14,315000,323,100,5
2026-03-29,PROD-001,Riz Brisé 50kg (Sac),Céréales,22500,22,495000,301,100,5
2026-03-30,PROD-001,Riz Brisé 50kg (Sac),Céréales,22500,11,247500,290,100,5
2026-03-31,PROD-001,Riz Brisé 50kg (Sac),Céréales,22500,13,292500,277,100,5
2026-04-01,PROD-001,Riz Brisé 50kg (Sac),Céréales,22500,16,360000,261,100,5
2026-04-02,PROD-001,Riz Brisé 50kg (Sac),Céréales,22500,9,202500,252,100,5
2026-04-03,PROD-001,Riz Brisé 50kg (Sac),Céréales,22500,13,292500,239,100,5
2026-04-04,PROD-001,Riz Brisé 50kg (Sac),Céréales,22500,25,562500,214,100,5
2026-04-05,PROD-001,Riz Brisé 50kg (Sac),Céréales,22500,23,517500,191,100,5
2026-04-06,PROD-001,Riz Brisé 50kg (Sac),Céréales,22500,18,405000,173,100,5
2026-04-07,PROD-001,Riz Brisé 50kg (Sac),Céréales,22500,19,427500,154,100,5
2026-04-08,PROD-001,Riz Brisé 50kg (Sac),Céréales,22500,24,540000,130,100,5
2026-04-09,PROD-001,Riz Brisé 50kg (Sac),Céréales,22500,14,315000,116,100,5
2026-04-10,PROD-001,Riz Brisé 50kg (Sac),Céréales,22500,13,292500,103,100,5
2026-04-11,PROD-001,Riz Brisé 50kg (Sac),Céréales,22500,27,607500,76,100,5
2026-04-12,PROD-001,Riz Brisé 50kg (Sac),Céréales,22500,22,495000,54,100,5
2026-04-13,PROD-001,Riz Brisé 50kg (Sac),Céréales,22500,21,472500,33,100,5
2026-04-14,PROD-001,Riz Brisé 50kg (Sac),Céréales,22500,13,292500,20,100,5
2026-04-15,PROD-001,Riz Brisé 50kg (Sac),Céréales,22500,16,360000,364,100,5
2026-04-16,PROD-001,Riz Brisé 50kg (Sac),Céréales,22500,15,337500,349,100,5
2026-04-17,PROD-001,Riz Brisé 50kg (Sac),Céréales,22500,8,180000,341,100,5
2026-04-18,PROD-001,Riz Brisé 50kg (Sac),Céréales,22500,19,427500,322,100,5
2026-04-19,PROD-001,Riz Brisé 50kg (Sac),Céréales,22500,20,450000,302,100,5
2026-04-20,PROD-001,Riz Brisé 50kg (Sac),Céréales,22500,15,337500,287,100,5
2026-04-21,PROD-001,Riz Brisé 50kg (Sac),Céréales,22500,10,225000,277,100,5
2026-04-22,PROD-001,Riz Brisé 50kg (Sac),Céréales,22500,14,315000,263,100,5
2026-04-23,PROD-001,Riz Brisé 50kg (Sac),Céréales,22500,7,157500,256,100,5
2026-04-24,PROD-001,Riz Brisé 50kg (Sac),Céréales,22500,10,225000,246,100,5
2026-04-25,PROD-001,Riz Brisé 50kg (Sac),Céréales,22500,24,540000,222,100,5
2026-04-26,PROD-001,Riz Brisé 50kg (Sac),Céréales,22500,22,495000,200,100,5
2026-04-27,PROD-001,Riz Brisé 50kg (Sac),Céréales,22500,14,315000,186,100,5
2026-04-28,PROD-001,Riz Brisé 50kg (Sac),Céréales,22500,10,225000,176,100,5
2026-04-29,PROD-001,Riz Brisé 50kg (Sac),Céréales,22500,11,247500,165,100,5
2026-04-30,PROD-001,Riz Brisé 50kg (Sac),Céréales,22500,16,360000,149,100,5
2026-05-01,PROD-001,Riz Brisé 50kg (Sac),Céréales,22500,21,472500,128,100,5
2026-05-02,PROD-001,Riz Brisé 50kg (Sac),Céréales,22500,18,405000,110,100,5
2026-05-03,PROD-001,Riz Brisé 50kg (Sac),Céréales,22500,28,630000,82,100,5
2026-05-04,PROD-001,Riz Brisé 50kg (Sac),Céréales,22500,11,247500,71,100,5
2026-05-05,PROD-001,Riz Brisé 50kg (Sac),Céréales,22500,24,540000,47,100,5
2026-05-06,PROD-001,Riz Brisé 50kg (Sac),Céréales,22500,17,382500,30,100,5
2026-05-07,PROD-001,Riz Brisé 50kg (Sac),Céréales,22500,11,247500,19,100,5
2026-05-08,PROD-001,Riz Brisé 50kg (Sac),Céréales,22500,19,427500,360,100,5
2026-05-09,PROD-001,Riz Brisé 50kg (Sac),Céréales,22500,21,472500,339,100,5
2026-05-10,PROD-001,Riz Brisé 50kg (Sac),Céréales,22500,23,517500,316,100,5
2026-05-11,PROD-001,Riz Brisé 50kg (Sac),Céréales,22500,20,450000,296,100,5
2026-05-12,PROD-001,Riz Brisé 50kg (Sac),Céréales,22500,18,405000,278,100,5
2026-05-13,PROD-001,Riz Brisé 50kg (Sac),Céréales,22500,21,472500,257,100,5
2026-05-14,PROD-001,Riz Brisé 50kg (Sac),Céréales,22500,13,292500,244,100,5
2026-05-15,PROD-001,Riz Brisé 50kg (Sac),Céréales,22500,15,337500,229,100,5
2026-05-16,PROD-001,Riz Brisé 50kg (Sac),Céréales,22500,19,427500,210,100,5
2026-05-17,PROD-001,Riz Brisé 50kg (Sac),Céréales,22500,16,360000,194,100,5
2026-05-18,PROD-001,Riz Brisé 50kg (Sac),Céréales,22500,17,382500,177,100,5
2026-05-19,PROD-001,Riz Brisé 50kg (Sac),Céréales,22500,8,180000,169,100,5
2026-05-20,PROD-001,Riz Brisé 50kg (Sac),Céréales,22500,15,337500,154,100,5
2026-05-21,PROD-001,Riz Brisé 50kg (Sac),Céréales,22500,13,292500,141,100,5
2026-05-22,PROD-001,Riz Brisé 50kg (Sac),Céréales,22500,5,112500,136,100,5
2026-05-23,PROD-001,Riz Brisé 50kg (Sac),Céréales,22500,18,405000,118,100,5
2026-05-24,PROD-001,Riz Brisé 50kg (Sac),Céréales,22500,17,382500,101,100,5
2026-05-25,PROD-001,Riz Brisé 50kg (Sac),Céréales,22500,16,360000,85,100,5
2026-05-26,PROD-001,Riz Brisé 50kg (Sac),Céréales,22500,12,270000,73,100,5
2026-05-27,PROD-001,Riz Brisé 50kg (Sac),Céréales,22500,17,382500,56,100,5
2026-05-28,PROD-001,Riz Brisé 50kg (Sac),Céréales,22500,12,270000,44,100,5
2026-05-29,PROD-001,Riz Brisé 50kg (Sac),Céréales,22500,9,202500,35,100,5
2026-05-30,PROD-001,Riz Brisé 50kg (Sac),Céréales,22500,21,472500,14,100,5
2026-05-31,PROD-001,Riz Brisé 50kg (Sac),Céréales,22500,23,517500,351,100,5
2026-06-01,PROD-001,Riz Brisé 50kg (Sac),Céréales,22500,15,337500,336,100,5
2026-06-02,PROD-001,Riz Brisé 50kg (Sac),Céréales,22500,14,315000,322,100,5
2026-06-03,PROD-001,Riz Brisé 50kg (Sac),Céréales,22500,14,315000,308,100,5
2026-06-04,PROD-001,Riz Brisé 50kg (Sac),Céréales,22500,7,157500,301,100,5
2026-06-05,PROD-001,Riz Brisé 50kg (Sac),Céréales,22500,21,472500,280,100,5
2026-06-06,PROD-001,Riz Brisé 50kg (Sac),Céréales,22500,23,517500,257,100,5
2026-06-07,PROD-001,Riz Brisé 50kg (Sac),Céréales,22500,23,517500,234,100,5
2026-06-08,PROD-001,Riz Brisé 50kg (Sac),Céréales,22500,12,270000,222,100,5
2026-06-09,PROD-001,Riz Brisé 50kg (Sac),Céréales,22500,15,337500,207,100,5
2026-06-10,PROD-001,Riz Brisé 50kg (Sac),Céréales,22500,18,405000,189,100,5
2026-06-11,PROD-001,Riz Brisé 50kg (Sac),Céréales,22500,14,315000,175,100,5
2026-06-12,PROD-001,Riz Brisé 50kg (Sac),Céréales,22500,15,337500,160,100,5
2026-06-13,PROD-001,Riz Brisé 50kg (Sac),Céréales,22500,24,540000,136,100,5
2026-06-14,PROD-001,Riz Brisé 50kg (Sac),Céréales,22500,30,675000,106,100,5
2026-06-15,PROD-001,Riz Brisé 50kg (Sac),Céréales,22500,13,292500,93,100,5
2026-06-16,PROD-001,Riz Brisé 50kg (Sac),Céréales,22500,13,292500,80,100,5
2026-06-17,PROD-001,Riz Brisé 50kg (Sac),Céréales,22500,21,472500,59,100,5
2026-06-18,PROD-001,Riz Brisé 50kg (Sac),Céréales,22500,9,202500,50,100,5
2026-06-19,PROD-001,Riz Brisé 50kg (Sac),Céréales,22500,7,157500,43,100,5
2026-06-20,PROD-001,Riz Brisé 50kg (Sac),Céréales,22500,11,247500,32,100,5
2026-06-21,PROD-001,Riz Brisé 50kg (Sac),Céréales,22500,10,225000,22,100,5
2026-06-22,PROD-001,Riz Brisé 50kg (Sac),Céréales,22500,16,360000,366,100,5
2026-06-23,PROD-001,Riz Brisé 50kg (Sac),Céréales,22500,16,360000,350,100,5
2026-06-24,PROD-001,Riz Brisé 50kg (Sac),Céréales,22500,7,157500,343,100,5
2026-06-25,PROD-001,Riz Brisé 50kg (Sac),Céréales,22500,10,225000,333,100,5
2026-06-26,PROD-001,Riz Brisé 50kg (Sac),Céréales,22500,15,337500,318,100,5
2026-06-27,PROD-001,Riz Brisé 50kg (Sac),Céréales,22500,17,382500,301,100,5
2026-06-28,PROD-001,Riz Brisé 50kg (Sac),Céréales,22500,17,382500,284,100,5
2026-06-29,PROD-001,Riz Brisé 50kg (Sac),Céréales,22500,18,405000,266,100,5
2026-06-30,PROD-001,Riz Brisé 50kg (Sac),Céréales,22500,17,382500,249,100,5
2026-07-01,PROD-001,Riz Brisé 50kg (Sac),Céréales,22500,15,337500,234,100,5
2026-07-02,PROD-001,Riz Brisé 50kg (Sac),Céréales,22500,13,292500,221,100,5
2026-07-03,PROD-001,Riz Brisé 50kg (Sac),Céréales,22500,14,315000,207,100,5
2026-07-04,PROD-001,Riz Brisé 50kg (Sac),Céréales,22500,30,675000,177,100,5
2026-07-05,PROD-001,Riz Brisé 50kg (Sac),Céréales,22500,34,765000,143,100,5
2026-07-06,PROD-001,Riz Brisé 50kg (Sac),Céréales,22500,18,405000,125,100,5
2026-07-07,PROD-001,Riz Brisé 50kg (Sac),Céréales,22500,14,315000,111,100,5
2026-07-08,PROD-001,Riz Brisé 50kg (Sac),Céréales,22500,18,405000,93,100,5
2026-07-09,PROD-001,Riz Brisé 50kg (Sac),Céréales,22500,10,225000,83,100,5
2026-07-10,PROD-001,Riz Brisé 50kg (Sac),Céréales,22500,8,180000,75,100,5
2026-07-11,PROD-001,Riz Brisé 50kg (Sac),Céréales,22500,22,495000,53,100,5
2026-07-12,PROD-001,Riz Brisé 50kg (Sac),Céréales,22500,20,450000,33,100,5
2026-07-13,PROD-001,Riz Brisé 50kg (Sac),Céréales,22500,10,225000,23,100,5
2026-07-14,PROD-001,Riz Brisé 50kg (Sac),Céréales,22500,16,360000,367,100,5
2026-07-15,PROD-001,Riz Brisé 50kg (Sac),Céréales,22500,8,180000,359,100,5
2026-07-16,PROD-001,Riz Brisé 50kg (Sac),Céréales,22500,16,360000,343,100,5
2026-07-17,PROD-001,Riz Brisé 50kg (Sac),Céréales,22500,12,270000,331,100,5
2026-07-18,PROD-001,Riz Brisé 50kg (Sac),Céréales,22500,17,382500,314,100,5
2026-07-19,PROD-001,Riz Brisé 50kg (Sac),Céréales,22500,22,495000,292,100,5
2026-07-20,PROD-001,Riz Brisé 50kg (Sac),Céréales,22500,12,270000,280,100,5
2026-07-21,PROD-001,Riz Brisé 50kg (Sac),Céréales,22500,7,157500,273,100,5
2026-07-22,PROD-001,Riz Brisé 50kg (Sac),Céréales,22500,5,112500,268,100,5
2026-07-23,PROD-001,Riz Brisé 50kg (Sac),Céréales,22500,7,157500,261,100,5
2026-07-24,PROD-001,Riz Brisé 50kg (Sac),Céréales,22500,15,337500,246,100,5
2026-07-25,PROD-001,Riz Brisé 50kg (Sac),Céréales,22500,28,630000,218,100,5
2026-07-26,PROD-001,Riz Brisé 50kg (Sac),Céréales,22500,15,337500,203,100,5
2026-07-27,PROD-001,Riz Brisé 50kg (Sac),Céréales,22500,23,517500,180,100,5
2026-07-28,PROD-001,Riz Brisé 50kg (Sac),Céréales,22500,15,337500,165,100,5
2026-07-29,PROD-001,Riz Brisé 50kg (Sac),Céréales,22500,13,292500,152,100,5
2026-01-30,PROD-002,Huile de Palme 5L (Bidon),Huiles,6500,25,162500,95,150,4
2026-01-31,PROD-002,Huile de Palme 5L (Bidon),Huiles,6500,21,136500,74,150,4
2026-02-01,PROD-002,Huile de Palme 5L (Bidon),Huiles,6500,34,221000,40,150,4
2026-02-02,PROD-002,Huile de Palme 5L (Bidon),Huiles,6500,22,143000,18,150,4
2026-02-03,PROD-002,Huile de Palme 5L (Bidon),Huiles,6500,25,162500,233,150,4
2026-02-04,PROD-002,Huile de Palme 5L (Bidon),Huiles,6500,28,182000,205,150,4
2026-02-05,PROD-002,Huile de Palme 5L (Bidon),Huiles,6500,30,195000,175,150,4
2026-02-06,PROD-002,Huile de Palme 5L (Bidon),Huiles,6500,24,156000,151,150,4
2026-02-07,PROD-002,Huile de Palme 5L (Bidon),Huiles,6500,42,273000,109,150,4
2026-02-08,PROD-002,Huile de Palme 5L (Bidon),Huiles,6500,49,318500,60,150,4
2026-02-09,PROD-002,Huile de Palme 5L (Bidon),Huiles,6500,29,188500,31,150,4
2026-02-10,PROD-002,Huile de Palme 5L (Bidon),Huiles,6500,15,97500,16,150,4
2026-02-11,PROD-002,Huile de Palme 5L (Bidon),Huiles,6500,24,156000,232,150,4
2026-02-12,PROD-002,Huile de Palme 5L (Bidon),Huiles,6500,27,175500,205,150,4
2026-02-13,PROD-002,Huile de Palme 5L (Bidon),Huiles,6500,31,201500,174,150,4
2026-02-14,PROD-002,Huile de Palme 5L (Bidon),Huiles,6500,33,214500,141,150,4
2026-02-15,PROD-002,Huile de Palme 5L (Bidon),Huiles,6500,41,266500,100,150,4
2026-02-16,PROD-002,Huile de Palme 5L (Bidon),Huiles,6500,22,143000,78,150,4
2026-02-17,PROD-002,Huile de Palme 5L (Bidon),Huiles,6500,33,214500,45,150,4
2026-02-18,PROD-002,Huile de Palme 5L (Bidon),Huiles,6500,18,117000,27,150,4
2026-02-19,PROD-002,Huile de Palme 5L (Bidon),Huiles,6500,23,149500,244,150,4
2026-02-20,PROD-002,Huile de Palme 5L (Bidon),Huiles,6500,14,91000,230,150,4
2026-02-21,PROD-002,Huile de Palme 5L (Bidon),Huiles,6500,29,188500,201,150,4
2026-02-22,PROD-002,Huile de Palme 5L (Bidon),Huiles,6500,29,188500,172,150,4
2026-02-23,PROD-002,Huile de Palme 5L (Bidon),Huiles,6500,21,136500,151,150,4
2026-02-24,PROD-002,Huile de Palme 5L (Bidon),Huiles,6500,26,169000,125,150,4
2026-02-25,PROD-002,Huile de Palme 5L (Bidon),Huiles,6500,15,97500,110,150,4
2026-02-26,PROD-002,Huile de Palme 5L (Bidon),Huiles,6500,25,162500,85,150,4
2026-02-27,PROD-002,Huile de Palme 5L (Bidon),Huiles,6500,25,162500,60,150,4
2026-02-28,PROD-002,Huile de Palme 5L (Bidon),Huiles,6500,24,156000,36,150,4
2026-03-01,PROD-002,Huile de Palme 5L (Bidon),Huiles,6500,32,208000,244,150,4
2026-03-02,PROD-002,Huile de Palme 5L (Bidon),Huiles,6500,24,156000,220,150,4
2026-03-03,PROD-002,Huile de Palme 5L (Bidon),Huiles,6500,34,221000,186,150,4
2026-03-04,PROD-002,Huile de Palme 5L (Bidon),Huiles,6500,27,175500,159,150,4
2026-03-05,PROD-002,Huile de Palme 5L (Bidon),Huiles,6500,25,162500,134,150,4
2026-03-06,PROD-002,Huile de Palme 5L (Bidon),Huiles,6500,27,175500,107,150,4
2026-03-07,PROD-002,Huile de Palme 5L (Bidon),Huiles,6500,39,253500,68,150,4
2026-03-08,PROD-002,Huile de Palme 5L (Bidon),Huiles,6500,41,266500,27,150,4
2026-03-09,PROD-002,Huile de Palme 5L (Bidon),Huiles,6500,18,117000,249,150,4
2026-03-10,PROD-002,Huile de Palme 5L (Bidon),Huiles,6500,20,130000,229,150,4
2026-03-11,PROD-002,Huile de Palme 5L (Bidon),Huiles,6500,20,130000,209,150,4
2026-03-12,PROD-002,Huile de Palme 5L (Bidon),Huiles,6500,20,130000,189,150,4
2026-03-13,PROD-002,Huile de Palme 5L (Bidon),Huiles,6500,33,214500,156,150,4
2026-03-14,PROD-002,Huile de Palme 5L (Bidon),Huiles,6500,38,247000,118,150,4
2026-03-15,PROD-002,Huile de Palme 5L (Bidon),Huiles,6500,28,182000,90,150,4
2026-03-16,PROD-002,Huile de Palme 5L (Bidon),Huiles,6500,18,117000,72,150,4
2026-03-17,PROD-002,Huile de Palme 5L (Bidon),Huiles,6500,17,110500,55,150,4
2026-03-18,PROD-002,Huile de Palme 5L (Bidon),Huiles,6500,15,97500,40,150,4
2026-03-19,PROD-002,Huile de Palme 5L (Bidon),Huiles,6500,17,110500,23,150,4
2026-03-20,PROD-002,Huile de Palme 5L (Bidon),Huiles,6500,21,136500,242,150,4
2026-03-21,PROD-002,Huile de Palme 5L (Bidon),Huiles,6500,31,201500,211,150,4
2026-03-22,PROD-002,Huile de Palme 5L (Bidon),Huiles,6500,18,117000,193,150,4
2026-03-23,PROD-002,Huile de Palme 5L (Bidon),Huiles,6500,15,97500,178,150,4
2026-03-24,PROD-002,Huile de Palme 5L (Bidon),Huiles,6500,19,123500,159,150,4
2026-03-25,PROD-002,Huile de Palme 5L (Bidon),Huiles,6500,22,143000,137,150,4
2026-03-26,PROD-002,Huile de Palme 5L (Bidon),Huiles,6500,21,136500,116,150,4
2026-03-27,PROD-002,Huile de Palme 5L (Bidon),Huiles,6500,22,143000,94,150,4
2026-03-28,PROD-002,Huile de Palme 5L (Bidon),Huiles,6500,23,149500,71,150,4
2026-03-29,PROD-002,Huile de Palme 5L (Bidon),Huiles,6500,33,214500,38,150,4
2026-03-30,PROD-002,Huile de Palme 5L (Bidon),Huiles,6500,20,130000,18,150,4
2026-03-31,PROD-002,Huile de Palme 5L (Bidon),Huiles,6500,20,130000,238,150,4
2026-04-01,PROD-002,Huile de Palme 5L (Bidon),Huiles,6500,18,117000,220,150,4
2026-04-02,PROD-002,Huile de Palme 5L (Bidon),Huiles,6500,27,175500,193,150,4
2026-04-03,PROD-002,Huile de Palme 5L (Bidon),Huiles,6500,31,201500,162,150,4
2026-04-04,PROD-002,Huile de Palme 5L (Bidon),Huiles,6500,27,175500,135,150,4
2026-04-05,PROD-002,Huile de Palme 5L (Bidon),Huiles,6500,40,260000,95,150,4
2026-04-06,PROD-002,Huile de Palme 5L (Bidon),Huiles,6500,26,169000,69,150,4
2026-04-07,PROD-002,Huile de Palme 5L (Bidon),Huiles,6500,24,156000,45,150,4
2026-04-08,PROD-002,Huile de Palme 5L (Bidon),Huiles,6500,30,195000,15,150,4
2026-04-09,PROD-002,Huile de Palme 5L (Bidon),Huiles,6500,29,188500,226,150,4
2026-04-10,PROD-002,Huile de Palme 5L (Bidon),Huiles,6500,19,123500,207,150,4
2026-04-11,PROD-002,Huile de Palme 5L (Bidon),Huiles,6500,33,214500,174,150,4
2026-04-12,PROD-002,Huile de Palme 5L (Bidon),Huiles,6500,30,195000,144,150,4
2026-04-13,PROD-002,Huile de Palme 5L (Bidon),Huiles,6500,20,130000,124,150,4
2026-04-14,PROD-002,Huile de Palme 5L (Bidon),Huiles,6500,16,104000,108,150,4
2026-04-15,PROD-002,Huile de Palme 5L (Bidon),Huiles,6500,17,110500,91,150,4
2026-04-16,PROD-002,Huile de Palme 5L (Bidon),Huiles,6500,28,182000,63,150,4
2026-04-17,PROD-002,Huile de Palme 5L (Bidon),Huiles,6500,17,110500,46,150,4
2026-04-18,PROD-002,Huile de Palme 5L (Bidon),Huiles,6500,41,266500,245,150,4
2026-04-19,PROD-002,Huile de Palme 5L (Bidon),Huiles,6500,31,201500,214,150,4
2026-04-20,PROD-002,Huile de Palme 5L (Bidon),Huiles,6500,25,162500,189,150,4
2026-04-21,PROD-002,Huile de Palme 5L (Bidon),Huiles,6500,18,117000,171,150,4
2026-04-22,PROD-002,Huile de Palme 5L (Bidon),Huiles,6500,20,130000,151,150,4
2026-04-23,PROD-002,Huile de Palme 5L (Bidon),Huiles,6500,14,91000,137,150,4
2026-04-24,PROD-002,Huile de Palme 5L (Bidon),Huiles,6500,17,110500,120,150,4
2026-04-25,PROD-002,Huile de Palme 5L (Bidon),Huiles,6500,23,149500,97,150,4
2026-04-26,PROD-002,Huile de Palme 5L (Bidon),Huiles,6500,30,195000,67,150,4
2026-04-27,PROD-002,Huile de Palme 5L (Bidon),Huiles,6500,19,123500,48,150,4
2026-04-28,PROD-002,Huile de Palme 5L (Bidon),Huiles,6500,20,130000,28,150,4
2026-04-29,PROD-002,Huile de Palme 5L (Bidon),Huiles,6500,19,123500,249,150,4
2026-04-30,PROD-002,Huile de Palme 5L (Bidon),Huiles,6500,28,182000,221,150,4
2026-05-01,PROD-002,Huile de Palme 5L (Bidon),Huiles,6500,24,156000,197,150,4
2026-05-02,PROD-002,Huile de Palme 5L (Bidon),Huiles,6500,33,214500,164,150,4
2026-05-03,PROD-002,Huile de Palme 5L (Bidon),Huiles,6500,28,182000,136,150,4
2026-05-04,PROD-002,Huile de Palme 5L (Bidon),Huiles,6500,37,240500,99,150,4
2026-05-05,PROD-002,Huile de Palme 5L (Bidon),Huiles,6500,17,110500,82,150,4
2026-05-06,PROD-002,Huile de Palme 5L (Bidon),Huiles,6500,28,182000,54,150,4
2026-05-07,PROD-002,Huile de Palme 5L (Bidon),Huiles,6500,21,136500,33,150,4
2026-05-08,PROD-002,Huile de Palme 5L (Bidon),Huiles,6500,22,143000,11,150,4
2026-05-09,PROD-002,Huile de Palme 5L (Bidon),Huiles,6500,42,273000,209,150,4
2026-05-10,PROD-002,Huile de Palme 5L (Bidon),Huiles,6500,35,227500,174,150,4
2026-05-11,PROD-002,Huile de Palme 5L (Bidon),Huiles,6500,25,162500,149,150,4
2026-05-12,PROD-002,Huile de Palme 5L (Bidon),Huiles,6500,25,162500,124,150,4
2026-05-13,PROD-002,Huile de Palme 5L (Bidon),Huiles,6500,25,162500,99,150,4
2026-05-14,PROD-002,Huile de Palme 5L (Bidon),Huiles,6500,28,182000,71,150,4
2026-05-15,PROD-002,Huile de Palme 5L (Bidon),Huiles,6500,20,130000,51,150,4
2026-05-16,PROD-002,Huile de Palme 5L (Bidon),Huiles,6500,31,201500,20,150,4
2026-05-17,PROD-002,Huile de Palme 5L (Bidon),Huiles,6500,41,266500,219,150,4
2026-05-18,PROD-002,Huile de Palme 5L (Bidon),Huiles,6500,23,149500,196,150,4
2026-05-19,PROD-002,Huile de Palme 5L (Bidon),Huiles,6500,23,149500,173,150,4
2026-05-20,PROD-002,Huile de Palme 5L (Bidon),Huiles,6500,27,175500,146,150,4
2026-05-21,PROD-002,Huile de Palme 5L (Bidon),Huiles,6500,15,97500,131,150,4
2026-05-22,PROD-002,Huile de Palme 5L (Bidon),Huiles,6500,17,110500,114,150,4
2026-05-23,PROD-002,Huile de Palme 5L (Bidon),Huiles,6500,26,169000,88,150,4
2026-05-24,PROD-002,Huile de Palme 5L (Bidon),Huiles,6500,22,143000,66,150,4
2026-05-25,PROD-002,Huile de Palme 5L (Bidon),Huiles,6500,25,162500,41,150,4
2026-05-26,PROD-002,Huile de Palme 5L (Bidon),Huiles,6500,17,110500,24,150,4
2026-05-27,PROD-002,Huile de Palme 5L (Bidon),Huiles,6500,25,162500,239,150,4
2026-05-28,PROD-002,Huile de Palme 5L (Bidon),Huiles,6500,25,162500,214,150,4
2026-05-29,PROD-002,Huile de Palme 5L (Bidon),Huiles,6500,19,123500,195,150,4
2026-05-30,PROD-002,Huile de Palme 5L (Bidon),Huiles,6500,28,182000,167,150,4
2026-05-31,PROD-002,Huile de Palme 5L (Bidon),Huiles,6500,36,234000,131,150,4
2026-06-01,PROD-002,Huile de Palme 5L (Bidon),Huiles,6500,24,156000,107,150,4
2026-06-02,PROD-002,Huile de Palme 5L (Bidon),Huiles,6500,19,123500,88,150,4
2026-06-03,PROD-002,Huile de Palme 5L (Bidon),Huiles,6500,26,169000,62,150,4
2026-06-04,PROD-002,Huile de Palme 5L (Bidon),Huiles,6500,36,234000,26,150,4
2026-06-05,PROD-002,Huile de Palme 5L (Bidon),Huiles,6500,30,195000,236,150,4
2026-06-06,PROD-002,Huile de Palme 5L (Bidon),Huiles,6500,40,260000,196,150,4
2026-06-07,PROD-002,Huile de Palme 5L (Bidon),Huiles,6500,37,240500,159,150,4
2026-06-08,PROD-002,Huile de Palme 5L (Bidon),Huiles,6500,26,169000,133,150,4
2026-06-09,PROD-002,Huile de Palme 5L (Bidon),Huiles,6500,34,221000,99,150,4
2026-06-10,PROD-002,Huile de Palme 5L (Bidon),Huiles,6500,28,182000,71,150,4
2026-06-11,PROD-002,Huile de Palme 5L (Bidon),Huiles,6500,15,97500,56,150,4
2026-06-12,PROD-002,Huile de Palme 5L (Bidon),Huiles,6500,31,201500,25,150,4
2026-06-13,PROD-002,Huile de Palme 5L (Bidon),Huiles,6500,33,214500,232,150,4
2026-06-14,PROD-002,Huile de Palme 5L (Bidon),Huiles,6500,35,227500,197,150,4
2026-06-15,PROD-002,Huile de Palme 5L (Bidon),Huiles,6500,21,136500,176,150,4
2026-06-16,PROD-002,Huile de Palme 5L (Bidon),Huiles,6500,27,175500,149,150,4
2026-06-17,PROD-002,Huile de Palme 5L (Bidon),Huiles,6500,18,117000,131,150,4
2026-06-18,PROD-002,Huile de Palme 5L (Bidon),Huiles,6500,16,104000,115,150,4
2026-06-19,PROD-002,Huile de Palme 5L (Bidon),Huiles,6500,21,136500,94,150,4
2026-06-20,PROD-002,Huile de Palme 5L (Bidon),Huiles,6500,38,247000,56,150,4
2026-06-21,PROD-002,Huile de Palme 5L (Bidon),Huiles,6500,30,195000,26,150,4
2026-06-22,PROD-002,Huile de Palme 5L (Bidon),Huiles,6500,15,97500,11,150,4
2026-06-23,PROD-002,Huile de Palme 5L (Bidon),Huiles,6500,20,130000,231,150,4
2026-06-24,PROD-002,Huile de Palme 5L (Bidon),Huiles,6500,12,78000,219,150,4
2026-06-25,PROD-002,Huile de Palme 5L (Bidon),Huiles,6500,16,104000,203,150,4
2026-06-26,PROD-002,Huile de Palme 5L (Bidon),Huiles,6500,22,143000,181,150,4
2026-06-27,PROD-002,Huile de Palme 5L (Bidon),Huiles,6500,36,234000,145,150,4
2026-06-28,PROD-002,Huile de Palme 5L (Bidon),Huiles,6500,32,208000,113,150,4
2026-06-29,PROD-002,Huile de Palme 5L (Bidon),Huiles,6500,22,143000,91,150,4
2026-06-30,PROD-002,Huile de Palme 5L (Bidon),Huiles,6500,18,117000,73,150,4
2026-07-01,PROD-002,Huile de Palme 5L (Bidon),Huiles,6500,23,149500,50,150,4
2026-07-02,PROD-002,Huile de Palme 5L (Bidon),Huiles,6500,27,175500,23,150,4
2026-07-03,PROD-002,Huile de Palme 5L (Bidon),Huiles,6500,29,188500,234,150,4
2026-07-04,PROD-002,Huile de Palme 5L (Bidon),Huiles,6500,32,208000,202,150,4
2026-07-05,PROD-002,Huile de Palme 5L (Bidon),Huiles,6500,44,286000,158,150,4
2026-07-06,PROD-002,Huile de Palme 5L (Bidon),Huiles,6500,29,188500,129,150,4
2026-07-07,PROD-002,Huile de Palme 5L (Bidon),Huiles,6500,19,123500,110,150,4
2026-07-08,PROD-002,Huile de Palme 5L (Bidon),Huiles,6500,33,214500,77,150,4
2026-07-09,PROD-002,Huile de Palme 5L (Bidon),Huiles,6500,30,195000,47,150,4
2026-07-10,PROD-002,Huile de Palme 5L (Bidon),Huiles,6500,22,143000,25,150,4
2026-07-11,PROD-002,Huile de Palme 5L (Bidon),Huiles,6500,31,201500,234,150,4
2026-07-12,PROD-002,Huile de Palme 5L (Bidon),Huiles,6500,35,227500,199,150,4
2026-07-13,PROD-002,Huile de Palme 5L (Bidon),Huiles,6500,30,195000,169,150,4
2026-07-14,PROD-002,Huile de Palme 5L (Bidon),Huiles,6500,21,136500,148,150,4
2026-07-15,PROD-002,Huile de Palme 5L (Bidon),Huiles,6500,25,162500,123,150,4
2026-07-16,PROD-002,Huile de Palme 5L (Bidon),Huiles,6500,25,162500,98,150,4
2026-07-17,PROD-002,Huile de Palme 5L (Bidon),Huiles,6500,23,149500,75,150,4
2026-07-18,PROD-002,Huile de Palme 5L (Bidon),Huiles,6500,35,227500,40,150,4
2026-07-19,PROD-002,Huile de Palme 5L (Bidon),Huiles,6500,37,240500,243,150,4
2026-07-20,PROD-002,Huile de Palme 5L (Bidon),Huiles,6500,27,175500,216,150,4
2026-07-21,PROD-002,Huile de Palme 5L (Bidon),Huiles,6500,19,123500,197,150,4
2026-07-22,PROD-002,Huile de Palme 5L (Bidon),Huiles,6500,17,110500,180,150,4
2026-07-23,PROD-002,Huile de Palme 5L (Bidon),Huiles,6500,22,143000,158,150,4
2026-07-24,PROD-002,Huile de Palme 5L (Bidon),Huiles,6500,15,97500,143,150,4
2026-07-25,PROD-002,Huile de Palme 5L (Bidon),Huiles,6500,23,149500,120,150,4
2026-07-26,PROD-002,Huile de Palme 5L (Bidon),Huiles,6500,22,143000,98,150,4
2026-07-27,PROD-002,Huile de Palme 5L (Bidon),Huiles,6500,18,117000,80,150,4
2026-07-28,PROD-002,Huile de Palme 5L (Bidon),Huiles,6500,24,156000,56,150,4
2026-07-29,PROD-002,Huile de Palme 5L (Bidon),Huiles,6500,18,117000,38,150,4
2026-01-30,PROD-003,Sucre Roux 1kg (Paquet),Épicerie,750,67,50250,383,300,3
2026-01-31,PROD-003,Sucre Roux 1kg (Paquet),Épicerie,750,86,64500,297,300,3
2026-02-01,PROD-003,Sucre Roux 1kg (Paquet),Épicerie,750,74,55500,223,300,3
2026-02-02,PROD-003,Sucre Roux 1kg (Paquet),Épicerie,750,59,44250,164,300,3
2026-02-03,PROD-003,Sucre Roux 1kg (Paquet),Épicerie,750,62,46500,102,300,3
2026-02-04,PROD-003,Sucre Roux 1kg (Paquet),Épicerie,750,54,40500,48,300,3
2026-02-05,PROD-003,Sucre Roux 1kg (Paquet),Épicerie,750,51,38250,897,300,3
2026-02-06,PROD-003,Sucre Roux 1kg (Paquet),Épicerie,750,59,44250,838,300,3
2026-02-07,PROD-003,Sucre Roux 1kg (Paquet),Épicerie,750,87,65250,751,300,3
2026-02-08,PROD-003,Sucre Roux 1kg (Paquet),Épicerie,750,99,74250,652,300,3
2026-02-09,PROD-003,Sucre Roux 1kg (Paquet),Épicerie,750,67,50250,585,300,3
2026-02-10,PROD-003,Sucre Roux 1kg (Paquet),Épicerie,750,70,52500,515,300,3
2026-02-11,PROD-003,Sucre Roux 1kg (Paquet),Épicerie,750,66,49500,449,300,3
2026-02-12,PROD-003,Sucre Roux 1kg (Paquet),Épicerie,750,62,46500,387,300,3
2026-02-13,PROD-003,Sucre Roux 1kg (Paquet),Épicerie,750,57,42750,330,300,3
2026-02-14,PROD-003,Sucre Roux 1kg (Paquet),Épicerie,750,70,52500,260,300,3
2026-02-15,PROD-003,Sucre Roux 1kg (Paquet),Épicerie,750,87,65250,173,300,3
2026-02-16,PROD-003,Sucre Roux 1kg (Paquet),Épicerie,750,59,44250,114,300,3
2026-02-17,PROD-003,Sucre Roux 1kg (Paquet),Épicerie,750,48,36000,66,300,3
2026-02-18,PROD-003,Sucre Roux 1kg (Paquet),Épicerie,750,59,44250,907,300,3
2026-02-19,PROD-003,Sucre Roux 1kg (Paquet),Épicerie,750,46,34500,861,300,3
2026-02-20,PROD-003,Sucre Roux 1kg (Paquet),Épicerie,750,47,35250,814,300,3
2026-02-21,PROD-003,Sucre Roux 1kg (Paquet),Épicerie,750,83,62250,731,300,3
2026-02-22,PROD-003,Sucre Roux 1kg (Paquet),Épicerie,750,88,66000,643,300,3
2026-02-23,PROD-003,Sucre Roux 1kg (Paquet),Épicerie,750,41,30750,602,300,3
2026-02-24,PROD-003,Sucre Roux 1kg (Paquet),Épicerie,750,58,43500,544,300,3
2026-02-25,PROD-003,Sucre Roux 1kg (Paquet),Épicerie,750,57,42750,487,300,3
2026-02-26,PROD-003,Sucre Roux 1kg (Paquet),Épicerie,750,55,41250,432,300,3
2026-02-27,PROD-003,Sucre Roux 1kg (Paquet),Épicerie,750,46,34500,386,300,3
2026-02-28,PROD-003,Sucre Roux 1kg (Paquet),Épicerie,750,94,70500,292,300,3
2026-03-01,PROD-003,Sucre Roux 1kg (Paquet),Épicerie,750,74,55500,218,300,3
2026-03-02,PROD-003,Sucre Roux 1kg (Paquet),Épicerie,750,73,54750,145,300,3
2026-03-03,PROD-003,Sucre Roux 1kg (Paquet),Épicerie,750,67,50250,78,300,3
2026-03-04,PROD-003,Sucre Roux 1kg (Paquet),Épicerie,750,77,57750,901,300,3
2026-03-05,PROD-003,Sucre Roux 1kg (Paquet),Épicerie,750,81,60750,820,300,3
2026-03-06,PROD-003,Sucre Roux 1kg (Paquet),Épicerie,750,75,56250,745,300,3
2026-03-07,PROD-003,Sucre Roux 1kg (Paquet),Épicerie,750,88,66000,657,300,3
2026-03-08,PROD-003,Sucre Roux 1kg (Paquet),Épicerie,750,85,63750,572,300,3
2026-03-09,PROD-003,Sucre Roux 1kg (Paquet),Épicerie,750,51,38250,521,300,3
2026-03-10,PROD-003,Sucre Roux 1kg (Paquet),Épicerie,750,60,45000,461,300,3
2026-03-11,PROD-003,Sucre Roux 1kg (Paquet),Épicerie,750,48,36000,413,300,3
2026-03-12,PROD-003,Sucre Roux 1kg (Paquet),Épicerie,750,63,47250,350,300,3
2026-03-13,PROD-003,Sucre Roux 1kg (Paquet),Épicerie,750,56,42000,294,300,3
2026-03-14,PROD-003,Sucre Roux 1kg (Paquet),Épicerie,750,96,72000,198,300,3
2026-03-15,PROD-003,Sucre Roux 1kg (Paquet),Épicerie,750,73,54750,125,300,3
2026-03-16,PROD-003,Sucre Roux 1kg (Paquet),Épicerie,750,65,48750,60,300,3
2026-03-17,PROD-003,Sucre Roux 1kg (Paquet),Épicerie,750,63,47250,897,300,3
2026-03-18,PROD-003,Sucre Roux 1kg (Paquet),Épicerie,750,66,49500,831,300,3
2026-03-19,PROD-003,Sucre Roux 1kg (Paquet),Épicerie,750,57,42750,774,300,3
2026-03-20,PROD-003,Sucre Roux 1kg (Paquet),Épicerie,750,49,36750,725,300,3
2026-03-21,PROD-003,Sucre Roux 1kg (Paquet),Épicerie,750,76,57000,649,300,3
2026-03-22,PROD-003,Sucre Roux 1kg (Paquet),Épicerie,750,67,50250,582,300,3
2026-03-23,PROD-003,Sucre Roux 1kg (Paquet),Épicerie,750,43,32250,539,300,3
2026-03-24,PROD-003,Sucre Roux 1kg (Paquet),Épicerie,750,46,34500,493,300,3
2026-03-25,PROD-003,Sucre Roux 1kg (Paquet),Épicerie,750,45,33750,448,300,3
2026-03-26,PROD-003,Sucre Roux 1kg (Paquet),Épicerie,750,33,24750,415,300,3
2026-03-27,PROD-003,Sucre Roux 1kg (Paquet),Épicerie,750,49,36750,366,300,3
2026-03-28,PROD-003,Sucre Roux 1kg (Paquet),Épicerie,750,84,63000,282,300,3
2026-03-29,PROD-003,Sucre Roux 1kg (Paquet),Épicerie,750,76,57000,206,300,3
2026-03-30,PROD-003,Sucre Roux 1kg (Paquet),Épicerie,750,73,54750,133,300,3
2026-03-31,PROD-003,Sucre Roux 1kg (Paquet),Épicerie,750,61,45750,72,300,3
2026-04-01,PROD-003,Sucre Roux 1kg (Paquet),Épicerie,750,75,56250,897,300,3
2026-04-02,PROD-003,Sucre Roux 1kg (Paquet),Épicerie,750,63,47250,834,300,3
2026-04-03,PROD-003,Sucre Roux 1kg (Paquet),Épicerie,750,55,41250,779,300,3
2026-04-04,PROD-003,Sucre Roux 1kg (Paquet),Épicerie,750,82,61500,697,300,3
2026-04-05,PROD-003,Sucre Roux 1kg (Paquet),Épicerie,750,100,75000,597,300,3
2026-04-06,PROD-003,Sucre Roux 1kg (Paquet),Épicerie,750,63,47250,534,300,3
2026-04-07,PROD-003,Sucre Roux 1kg (Paquet),Épicerie,750,70,52500,464,300,3
2026-04-08,PROD-003,Sucre Roux 1kg (Paquet),Épicerie,750,74,55500,390,300,3
2026-04-09,PROD-003,Sucre Roux 1kg (Paquet),Épicerie,750,58,43500,332,300,3
2026-04-10,PROD-003,Sucre Roux 1kg (Paquet),Épicerie,750,67,50250,265,300,3
2026-04-11,PROD-003,Sucre Roux 1kg (Paquet),Épicerie,750,75,56250,190,300,3
2026-04-12,PROD-003,Sucre Roux 1kg (Paquet),Épicerie,750,81,60750,109,300,3
2026-04-13,PROD-003,Sucre Roux 1kg (Paquet),Épicerie,750,70,52500,39,300,3
2026-04-14,PROD-003,Sucre Roux 1kg (Paquet),Épicerie,750,62,46500,877,300,3
2026-04-15,PROD-003,Sucre Roux 1kg (Paquet),Épicerie,750,44,33000,833,300,3
2026-04-16,PROD-003,Sucre Roux 1kg (Paquet),Épicerie,750,52,39000,781,300,3
2026-04-17,PROD-003,Sucre Roux 1kg (Paquet),Épicerie,750,58,43500,723,300,3
2026-04-18,PROD-003,Sucre Roux 1kg (Paquet),Épicerie,750,59,44250,664,300,3
2026-04-19,PROD-003,Sucre Roux 1kg (Paquet),Épicerie,750,77,57750,587,300,3
2026-04-20,PROD-003,Sucre Roux 1kg (Paquet),Épicerie,750,58,43500,529,300,3
2026-04-21,PROD-003,Sucre Roux 1kg (Paquet),Épicerie,750,48,36000,481,300,3
2026-04-22,PROD-003,Sucre Roux 1kg (Paquet),Épicerie,750,56,42000,425,300,3
2026-04-23,PROD-003,Sucre Roux 1kg (Paquet),Épicerie,750,52,39000,373,300,3
2026-04-24,PROD-003,Sucre Roux 1kg (Paquet),Épicerie,750,44,33000,329,300,3
2026-04-25,PROD-003,Sucre Roux 1kg (Paquet),Épicerie,750,78,58500,251,300,3
2026-04-26,PROD-003,Sucre Roux 1kg (Paquet),Épicerie,750,77,57750,174,300,3
2026-04-27,PROD-003,Sucre Roux 1kg (Paquet),Épicerie,750,56,42000,118,300,3
2026-04-28,PROD-003,Sucre Roux 1kg (Paquet),Épicerie,750,56,42000,62,300,3
2026-04-29,PROD-003,Sucre Roux 1kg (Paquet),Épicerie,750,47,35250,15,300,3
2026-04-30,PROD-003,Sucre Roux 1kg (Paquet),Épicerie,750,67,50250,848,300,3
2026-05-01,PROD-003,Sucre Roux 1kg (Paquet),Épicerie,750,67,50250,781,300,3
2026-05-02,PROD-003,Sucre Roux 1kg (Paquet),Épicerie,750,81,60750,700,300,3
2026-05-03,PROD-003,Sucre Roux 1kg (Paquet),Épicerie,750,77,57750,623,300,3
2026-05-04,PROD-003,Sucre Roux 1kg (Paquet),Épicerie,750,72,54000,551,300,3
2026-05-05,PROD-003,Sucre Roux 1kg (Paquet),Épicerie,750,67,50250,484,300,3
2026-05-06,PROD-003,Sucre Roux 1kg (Paquet),Épicerie,750,68,51000,416,300,3
2026-05-07,PROD-003,Sucre Roux 1kg (Paquet),Épicerie,750,73,54750,343,300,3
2026-05-08,PROD-003,Sucre Roux 1kg (Paquet),Épicerie,750,72,54000,271,300,3
2026-05-09,PROD-003,Sucre Roux 1kg (Paquet),Épicerie,750,118,88500,153,300,3
2026-05-10,PROD-003,Sucre Roux 1kg (Paquet),Épicerie,750,95,71250,58,300,3
2026-05-11,PROD-003,Sucre Roux 1kg (Paquet),Épicerie,750,68,51000,890,300,3
2026-05-12,PROD-003,Sucre Roux 1kg (Paquet),Épicerie,750,57,42750,833,300,3
2026-05-13,PROD-003,Sucre Roux 1kg (Paquet),Épicerie,750,46,34500,787,300,3
2026-05-14,PROD-003,Sucre Roux 1kg (Paquet),Épicerie,750,55,41250,732,300,3
2026-05-15,PROD-003,Sucre Roux 1kg (Paquet),Épicerie,750,63,47250,669,300,3
2026-05-16,PROD-003,Sucre Roux 1kg (Paquet),Épicerie,750,86,64500,583,300,3
2026-05-17,PROD-003,Sucre Roux 1kg (Paquet),Épicerie,750,76,57000,507,300,3
2026-05-18,PROD-003,Sucre Roux 1kg (Paquet),Épicerie,750,56,42000,451,300,3
2026-05-19,PROD-003,Sucre Roux 1kg (Paquet),Épicerie,750,49,36750,402,300,3
2026-05-20,PROD-003,Sucre Roux 1kg (Paquet),Épicerie,750,42,31500,360,300,3
2026-05-21,PROD-003,Sucre Roux 1kg (Paquet),Épicerie,750,53,39750,307,300,3
2026-05-22,PROD-003,Sucre Roux 1kg (Paquet),Épicerie,750,37,27750,270,300,3
2026-05-23,PROD-003,Sucre Roux 1kg (Paquet),Épicerie,750,73,54750,197,300,3
2026-05-24,PROD-003,Sucre Roux 1kg (Paquet),Épicerie,750,88,66000,109,300,3
2026-05-25,PROD-003,Sucre Roux 1kg (Paquet),Épicerie,750,48,36000,61,300,3
2026-05-26,PROD-003,Sucre Roux 1kg (Paquet),Épicerie,750,49,36750,12,300,3
2026-05-27,PROD-003,Sucre Roux 1kg (Paquet),Épicerie,750,50,37500,862,300,3
2026-05-28,PROD-003,Sucre Roux 1kg (Paquet),Épicerie,750,64,48000,798,300,3
2026-05-29,PROD-003,Sucre Roux 1kg (Paquet),Épicerie,750,48,36000,750,300,3
2026-05-30,PROD-003,Sucre Roux 1kg (Paquet),Épicerie,750,85,63750,665,300,3
2026-05-31,PROD-003,Sucre Roux 1kg (Paquet),Épicerie,750,95,71250,570,300,3
2026-06-01,PROD-003,Sucre Roux 1kg (Paquet),Épicerie,750,81,60750,489,300,3
2026-06-02,PROD-003,Sucre Roux 1kg (Paquet),Épicerie,750,71,53250,418,300,3
2026-06-03,PROD-003,Sucre Roux 1kg (Paquet),Épicerie,750,68,51000,350,300,3
2026-06-04,PROD-003,Sucre Roux 1kg (Paquet),Épicerie,750,53,39750,297,300,3
2026-06-05,PROD-003,Sucre Roux 1kg (Paquet),Épicerie,750,78,58500,219,300,3
2026-06-06,PROD-003,Sucre Roux 1kg (Paquet),Épicerie,750,102,76500,117,300,3
2026-06-07,PROD-003,Sucre Roux 1kg (Paquet),Épicerie,750,80,60000,37,300,3
2026-06-08,PROD-003,Sucre Roux 1kg (Paquet),Épicerie,750,70,52500,867,300,3
2026-06-09,PROD-003,Sucre Roux 1kg (Paquet),Épicerie,750,57,42750,810,300,3
2026-06-10,PROD-003,Sucre Roux 1kg (Paquet),Épicerie,750,49,36750,761,300,3
2026-06-11,PROD-003,Sucre Roux 1kg (Paquet),Épicerie,750,58,43500,703,300,3
2026-06-12,PROD-003,Sucre Roux 1kg (Paquet),Épicerie,750,57,42750,646,300,3
2026-06-13,PROD-003,Sucre Roux 1kg (Paquet),Épicerie,750,83,62250,563,300,3
2026-06-14,PROD-003,Sucre Roux 1kg (Paquet),Épicerie,750,86,64500,477,300,3
2026-06-15,PROD-003,Sucre Roux 1kg (Paquet),Épicerie,750,61,45750,416,300,3
2026-06-16,PROD-003,Sucre Roux 1kg (Paquet),Épicerie,750,62,46500,354,300,3
2026-06-17,PROD-003,Sucre Roux 1kg (Paquet),Épicerie,750,53,39750,301,300,3
2026-06-18,PROD-003,Sucre Roux 1kg (Paquet),Épicerie,750,43,32250,258,300,3
2026-06-19,PROD-003,Sucre Roux 1kg (Paquet),Épicerie,750,53,39750,205,300,3
2026-06-20,PROD-003,Sucre Roux 1kg (Paquet),Épicerie,750,72,54000,133,300,3
2026-06-21,PROD-003,Sucre Roux 1kg (Paquet),Épicerie,750,65,48750,68,300,3
2026-06-22,PROD-003,Sucre Roux 1kg (Paquet),Épicerie,750,37,27750,31,300,3
2026-06-23,PROD-003,Sucre Roux 1kg (Paquet),Épicerie,750,28,21000,903,300,3
2026-06-24,PROD-003,Sucre Roux 1kg (Paquet),Épicerie,750,47,35250,856,300,3
2026-06-25,PROD-003,Sucre Roux 1kg (Paquet),Épicerie,750,51,38250,805,300,3
2026-06-26,PROD-003,Sucre Roux 1kg (Paquet),Épicerie,750,58,43500,747,300,3
2026-06-27,PROD-003,Sucre Roux 1kg (Paquet),Épicerie,750,64,48000,683,300,3
2026-06-28,PROD-003,Sucre Roux 1kg (Paquet),Épicerie,750,80,60000,603,300,3
2026-06-29,PROD-003,Sucre Roux 1kg (Paquet),Épicerie,750,39,29250,564,300,3
2026-06-30,PROD-003,Sucre Roux 1kg (Paquet),Épicerie,750,62,46500,502,300,3
2026-07-01,PROD-003,Sucre Roux 1kg (Paquet),Épicerie,750,55,41250,447,300,3
2026-07-02,PROD-003,Sucre Roux 1kg (Paquet),Épicerie,750,61,45750,386,300,3
2026-07-03,PROD-003,Sucre Roux 1kg (Paquet),Épicerie,750,61,45750,325,300,3
2026-07-04,PROD-003,Sucre Roux 1kg (Paquet),Épicerie,750,91,68250,234,300,3
2026-07-05,PROD-003,Sucre Roux 1kg (Paquet),Épicerie,750,75,56250,159,300,3
2026-07-06,PROD-003,Sucre Roux 1kg (Paquet),Épicerie,750,59,44250,100,300,3
2026-07-07,PROD-003,Sucre Roux 1kg (Paquet),Épicerie,750,76,57000,24,300,3
2026-07-08,PROD-003,Sucre Roux 1kg (Paquet),Épicerie,750,57,42750,867,300,3
2026-07-09,PROD-003,Sucre Roux 1kg (Paquet),Épicerie,750,69,51750,798,300,3
2026-07-10,PROD-003,Sucre Roux 1kg (Paquet),Épicerie,750,66,49500,732,300,3
2026-07-11,PROD-003,Sucre Roux 1kg (Paquet),Épicerie,750,81,60750,651,300,3
2026-07-12,PROD-003,Sucre Roux 1kg (Paquet),Épicerie,750,71,53250,580,300,3
2026-07-13,PROD-003,Sucre Roux 1kg (Paquet),Épicerie,750,55,41250,525,300,3
2026-07-14,PROD-003,Sucre Roux 1kg (Paquet),Épicerie,750,69,51750,456,300,3
2026-07-15,PROD-003,Sucre Roux 1kg (Paquet),Épicerie,750,63,47250,393,300,3
2026-07-16,PROD-003,Sucre Roux 1kg (Paquet),Épicerie,750,52,39000,341,300,3
2026-07-17,PROD-003,Sucre Roux 1kg (Paquet),Épicerie,750,63,47250,278,300,3
2026-07-18,PROD-003,Sucre Roux 1kg (Paquet),Épicerie,750,72,54000,206,300,3
2026-07-19,PROD-003,Sucre Roux 1kg (Paquet),Épicerie,750,72,54000,134,300,3
2026-07-20,PROD-003,Sucre Roux 1kg (Paquet),Épicerie,750,60,45000,74,300,3
2026-07-21,PROD-003,Sucre Roux 1kg (Paquet),Épicerie,750,44,33000,30,300,3
2026-07-22,PROD-003,Sucre Roux 1kg (Paquet),Épicerie,750,60,45000,870,300,3
2026-07-23,PROD-003,Sucre Roux 1kg (Paquet),Épicerie,750,51,38250,819,300,3
2026-07-24,PROD-003,Sucre Roux 1kg (Paquet),Épicerie,750,54,40500,765,300,3
2026-07-25,PROD-003,Sucre Roux 1kg (Paquet),Épicerie,750,62,46500,703,300,3
2026-07-26,PROD-003,Sucre Roux 1kg (Paquet),Épicerie,750,99,74250,604,300,3
2026-07-27,PROD-003,Sucre Roux 1kg (Paquet),Épicerie,750,61,45750,543,300,3
2026-07-28,PROD-003,Sucre Roux 1kg (Paquet),Épicerie,750,48,36000,495,300,3
2026-07-29,PROD-003,Sucre Roux 1kg (Paquet),Épicerie,750,54,40500,441,300,3
2026-01-30,PROD-004,Lait en Poudre 400g (Boîte),Produits Laitiers,2800,15,42000,75,110,4
2026-01-31,PROD-004,Lait en Poudre 400g (Boîte),Produits Laitiers,2800,19,53200,56,110,4
2026-02-01,PROD-004,Lait en Poudre 400g (Boîte),Produits Laitiers,2800,40,112000,16,110,4
2026-02-02,PROD-004,Lait en Poudre 400g (Boîte),Produits Laitiers,2800,20,56000,176,110,4
2026-02-03,PROD-004,Lait en Poudre 400g (Boîte),Produits Laitiers,2800,22,61600,154,110,4
2026-02-04,PROD-004,Lait en Poudre 400g (Boîte),Produits Laitiers,2800,15,42000,139,110,4
2026-02-05,PROD-004,Lait en Poudre 400g (Boîte),Produits Laitiers,2800,14,39200,125,110,4
2026-02-06,PROD-004,Lait en Poudre 400g (Boîte),Produits Laitiers,2800,17,47600,108,110,4
2026-02-07,PROD-004,Lait en Poudre 400g (Boîte),Produits Laitiers,2800,27,75600,81,110,4
2026-02-08,PROD-004,Lait en Poudre 400g (Boîte),Produits Laitiers,2800,30,84000,51,110,4
2026-02-09,PROD-004,Lait en Poudre 400g (Boîte),Produits Laitiers,2800,14,39200,37,110,4
2026-02-10,PROD-004,Lait en Poudre 400g (Boîte),Produits Laitiers,2800,21,58800,16,110,4
2026-02-11,PROD-004,Lait en Poudre 400g (Boîte),Produits Laitiers,2800,20,56000,176,110,4
2026-02-12,PROD-004,Lait en Poudre 400g (Boîte),Produits Laitiers,2800,14,39200,162,110,4
2026-02-13,PROD-004,Lait en Poudre 400g (Boîte),Produits Laitiers,2800,15,42000,147,110,4
2026-02-14,PROD-004,Lait en Poudre 400g (Boîte),Produits Laitiers,2800,25,70000,122,110,4
2026-02-15,PROD-004,Lait en Poudre 400g (Boîte),Produits Laitiers,2800,12,33600,110,110,4
2026-02-16,PROD-004,Lait en Poudre 400g (Boîte),Produits Laitiers,2800,16,44800,94,110,4
2026-02-17,PROD-004,Lait en Poudre 400g (Boîte),Produits Laitiers,2800,14,39200,80,110,4
2026-02-18,PROD-004,Lait en Poudre 400g (Boîte),Produits Laitiers,2800,6,16800,74,110,4
2026-02-19,PROD-004,Lait en Poudre 400g (Boîte),Produits Laitiers,2800,15,42000,59,110,4
2026-02-20,PROD-004,Lait en Poudre 400g (Boîte),Produits Laitiers,2800,15,42000,44,110,4
2026-02-21,PROD-004,Lait en Poudre 400g (Boîte),Produits Laitiers,2800,15,42000,29,110,4
2026-02-22,PROD-004,Lait en Poudre 400g (Boîte),Produits Laitiers,2800,18,50400,11,110,4
2026-02-23,PROD-004,Lait en Poudre 400g (Boîte),Produits Laitiers,2800,11,30800,180,110,4
2026-02-24,PROD-004,Lait en Poudre 400g (Boîte),Produits Laitiers,2800,26,72800,154,110,4
2026-02-25,PROD-004,Lait en Poudre 400g (Boîte),Produits Laitiers,2800,17,47600,137,110,4
2026-02-26,PROD-004,Lait en Poudre 400g (Boîte),Produits Laitiers,2800,20,56000,117,110,4
2026-02-27,PROD-004,Lait en Poudre 400g (Boîte),Produits Laitiers,2800,24,67200,93,110,4
2026-02-28,PROD-004,Lait en Poudre 400g (Boîte),Produits Laitiers,2800,23,64400,70,110,4
2026-03-01,PROD-004,Lait en Poudre 400g (Boîte),Produits Laitiers,2800,32,89600,38,110,4
2026-03-02,PROD-004,Lait en Poudre 400g (Boîte),Produits Laitiers,2800,21,58800,17,110,4
2026-03-03,PROD-004,Lait en Poudre 400g (Boîte),Produits Laitiers,2800,15,42000,182,110,4
2026-03-04,PROD-004,Lait en Poudre 400g (Boîte),Produits Laitiers,2800,18,50400,164,110,4
2026-03-05,PROD-004,Lait en Poudre 400g (Boîte),Produits Laitiers,2800,13,36400,151,110,4
2026-03-06,PROD-004,Lait en Poudre 400g (Boîte),Produits Laitiers,2800,25,70000,126,110,4
2026-03-07,PROD-004,Lait en Poudre 400g (Boîte),Produits Laitiers,2800,29,81200,97,110,4
2026-03-08,PROD-004,Lait en Poudre 400g (Boîte),Produits Laitiers,2800,35,98000,62,110,4
2026-03-09,PROD-004,Lait en Poudre 400g (Boîte),Produits Laitiers,2800,17,47600,45,110,4
2026-03-10,PROD-004,Lait en Poudre 400g (Boîte),Produits Laitiers,2800,24,67200,21,110,4
2026-03-11,PROD-004,Lait en Poudre 400g (Boîte),Produits Laitiers,2800,24,67200,177,110,4
2026-03-12,PROD-004,Lait en Poudre 400g (Boîte),Produits Laitiers,2800,19,53200,158,110,4
2026-03-13,PROD-004,Lait en Poudre 400g (Boîte),Produits Laitiers,2800,16,44800,142,110,4
2026-03-14,PROD-004,Lait en Poudre 400g (Boîte),Produits Laitiers,2800,23,64400,119,110,4
2026-03-15,PROD-004,Lait en Poudre 400g (Boîte),Produits Laitiers,2800,23,64400,96,110,4
2026-03-16,PROD-004,Lait en Poudre 400g (Boîte),Produits Laitiers,2800,13,36400,83,110,4
2026-03-17,PROD-004,Lait en Poudre 400g (Boîte),Produits Laitiers,2800,12,33600,71,110,4
2026-03-18,PROD-004,Lait en Poudre 400g (Boîte),Produits Laitiers,2800,17,47600,54,110,4
2026-03-19,PROD-004,Lait en Poudre 400g (Boîte),Produits Laitiers,2800,17,47600,37,110,4
2026-03-20,PROD-004,Lait en Poudre 400g (Boîte),Produits Laitiers,2800,13,36400,24,110,4
2026-03-21,PROD-004,Lait en Poudre 400g (Boîte),Produits Laitiers,2800,21,58800,183,110,4
2026-03-22,PROD-004,Lait en Poudre 400g (Boîte),Produits Laitiers,2800,19,53200,164,110,4
2026-03-23,PROD-004,Lait en Poudre 400g (Boîte),Produits Laitiers,2800,15,42000,149,110,4
2026-03-24,PROD-004,Lait en Poudre 400g (Boîte),Produits Laitiers,2800,16,44800,133,110,4
2026-03-25,PROD-004,Lait en Poudre 400g (Boîte),Produits Laitiers,2800,24,67200,109,110,4
2026-03-26,PROD-004,Lait en Poudre 400g (Boîte),Produits Laitiers,2800,11,30800,98,110,4
2026-03-27,PROD-004,Lait en Poudre 400g (Boîte),Produits Laitiers,2800,14,39200,84,110,4
2026-03-28,PROD-004,Lait en Poudre 400g (Boîte),Produits Laitiers,2800,23,64400,61,110,4
2026-03-29,PROD-004,Lait en Poudre 400g (Boîte),Produits Laitiers,2800,20,56000,41,110,4
2026-03-30,PROD-004,Lait en Poudre 400g (Boîte),Produits Laitiers,2800,21,58800,20,110,4
2026-03-31,PROD-004,Lait en Poudre 400g (Boîte),Produits Laitiers,2800,15,42000,185,110,4
2026-04-01,PROD-004,Lait en Poudre 400g (Boîte),Produits Laitiers,2800,20,56000,165,110,4
2026-04-02,PROD-004,Lait en Poudre 400g (Boîte),Produits Laitiers,2800,17,47600,148,110,4
2026-04-03,PROD-004,Lait en Poudre 400g (Boîte),Produits Laitiers,2800,14,39200,134,110,4
2026-04-04,PROD-004,Lait en Poudre 400g (Boîte),Produits Laitiers,2800,21,58800,113,110,4
2026-04-05,PROD-004,Lait en Poudre 400g (Boîte),Produits Laitiers,2800,31,86800,82,110,4
2026-04-06,PROD-004,Lait en Poudre 400g (Boîte),Produits Laitiers,2800,20,56000,62,110,4
2026-04-07,PROD-004,Lait en Poudre 400g (Boîte),Produits Laitiers,2800,31,86800,31,110,4
2026-04-08,PROD-004,Lait en Poudre 400g (Boîte),Produits Laitiers,2800,24,67200,187,110,4
2026-04-09,PROD-004,Lait en Poudre 400g (Boîte),Produits Laitiers,2800,29,81200,158,110,4
2026-04-10,PROD-004,Lait en Poudre 400g (Boîte),Produits Laitiers,2800,15,42000,143,110,4
2026-04-11,PROD-004,Lait en Poudre 400g (Boîte),Produits Laitiers,2800,29,81200,114,110,4
2026-04-12,PROD-004,Lait en Poudre 400g (Boîte),Produits Laitiers,2800,24,67200,90,110,4
2026-04-13,PROD-004,Lait en Poudre 400g (Boîte),Produits Laitiers,2800,22,61600,68,110,4
2026-04-14,PROD-004,Lait en Poudre 400g (Boîte),Produits Laitiers,2800,22,61600,46,110,4
2026-04-15,PROD-004,Lait en Poudre 400g (Boîte),Produits Laitiers,2800,19,53200,27,110,4
2026-04-16,PROD-004,Lait en Poudre 400g (Boîte),Produits Laitiers,2800,18,50400,189,110,4
2026-04-17,PROD-004,Lait en Poudre 400g (Boîte),Produits Laitiers,2800,17,47600,172,110,4
2026-04-18,PROD-004,Lait en Poudre 400g (Boîte),Produits Laitiers,2800,18,50400,154,110,4
2026-04-19,PROD-004,Lait en Poudre 400g (Boîte),Produits Laitiers,2800,23,64400,131,110,4
2026-04-20,PROD-004,Lait en Poudre 400g (Boîte),Produits Laitiers,2800,11,30800,120,110,4
2026-04-21,PROD-004,Lait en Poudre 400g (Boîte),Produits Laitiers,2800,16,44800,104,110,4
2026-04-22,PROD-004,Lait en Poudre 400g (Boîte),Produits Laitiers,2800,17,47600,87,110,4
2026-04-23,PROD-004,Lait en Poudre 400g (Boîte),Produits Laitiers,2800,14,39200,73,110,4
2026-04-24,PROD-004,Lait en Poudre 400g (Boîte),Produits Laitiers,2800,9,25200,64,110,4
2026-04-25,PROD-004,Lait en Poudre 400g (Boîte),Produits Laitiers,2800,24,67200,40,110,4
2026-04-26,PROD-004,Lait en Poudre 400g (Boîte),Produits Laitiers,2800,18,50400,22,110,4
2026-04-27,PROD-004,Lait en Poudre 400g (Boîte),Produits Laitiers,2800,11,30800,11,110,4
2026-04-28,PROD-004,Lait en Poudre 400g (Boîte),Produits Laitiers,2800,12,33600,179,110,4
2026-04-29,PROD-004,Lait en Poudre 400g (Boîte),Produits Laitiers,2800,9,25200,170,110,4
2026-04-30,PROD-004,Lait en Poudre 400g (Boîte),Produits Laitiers,2800,13,36400,157,110,4
2026-05-01,PROD-004,Lait en Poudre 400g (Boîte),Produits Laitiers,2800,23,64400,134,110,4
2026-05-02,PROD-004,Lait en Poudre 400g (Boîte),Produits Laitiers,2800,26,72800,108,110,4
2026-05-03,PROD-004,Lait en Poudre 400g (Boîte),Produits Laitiers,2800,24,67200,84,110,4
2026-05-04,PROD-004,Lait en Poudre 400g (Boîte),Produits Laitiers,2800,20,56000,64,110,4
2026-05-05,PROD-004,Lait en Poudre 400g (Boîte),Produits Laitiers,2800,19,53200,45,110,4
2026-05-06,PROD-004,Lait en Poudre 400g (Boîte),Produits Laitiers,2800,15,42000,30,110,4
2026-05-07,PROD-004,Lait en Poudre 400g (Boîte),Produits Laitiers,2800,15,42000,15,110,4
2026-05-08,PROD-004,Lait en Poudre 400g (Boîte),Produits Laitiers,2800,13,36400,182,110,4
2026-05-09,PROD-004,Lait en Poudre 400g (Boîte),Produits Laitiers,2800,32,89600,150,110,4
2026-05-10,PROD-004,Lait en Poudre 400g (Boîte),Produits Laitiers,2800,30,84000,120,110,4
2026-05-11,PROD-004,Lait en Poudre 400g (Boîte),Produits Laitiers,2800,27,75600,93,110,4
2026-05-12,PROD-004,Lait en Poudre 400g (Boîte),Produits Laitiers,2800,17,47600,76,110,4
2026-05-13,PROD-004,Lait en Poudre 400g (Boîte),Produits Laitiers,2800,19,53200,57,110,4
2026-05-14,PROD-004,Lait en Poudre 400g (Boîte),Produits Laitiers,2800,18,50400,39,110,4
2026-05-15,PROD-004,Lait en Poudre 400g (Boîte),Produits Laitiers,2800,21,58800,18,110,4
2026-05-16,PROD-004,Lait en Poudre 400g (Boîte),Produits Laitiers,2800,20,56000,178,110,4
2026-05-17,PROD-004,Lait en Poudre 400g (Boîte),Produits Laitiers,2800,24,67200,154,110,4
2026-05-18,PROD-004,Lait en Poudre 400g (Boîte),Produits Laitiers,2800,14,39200,140,110,4
2026-05-19,PROD-004,Lait en Poudre 400g (Boîte),Produits Laitiers,2800,16,44800,124,110,4
2026-05-20,PROD-004,Lait en Poudre 400g (Boîte),Produits Laitiers,2800,21,58800,103,110,4
2026-05-21,PROD-004,Lait en Poudre 400g (Boîte),Produits Laitiers,2800,13,36400,90,110,4
2026-05-22,PROD-004,Lait en Poudre 400g (Boîte),Produits Laitiers,2800,18,50400,72,110,4
2026-05-23,PROD-004,Lait en Poudre 400g (Boîte),Produits Laitiers,2800,13,36400,59,110,4
2026-05-24,PROD-004,Lait en Poudre 400g (Boîte),Produits Laitiers,2800,16,44800,43,110,4
2026-05-25,PROD-004,Lait en Poudre 400g (Boîte),Produits Laitiers,2800,16,44800,27,110,4
2026-05-26,PROD-004,Lait en Poudre 400g (Boîte),Produits Laitiers,2800,22,61600,185,110,4
2026-05-27,PROD-004,Lait en Poudre 400g (Boîte),Produits Laitiers,2800,17,47600,168,110,4
2026-05-28,PROD-004,Lait en Poudre 400g (Boîte),Produits Laitiers,2800,12,33600,156,110,4
2026-05-29,PROD-004,Lait en Poudre 400g (Boîte),Produits Laitiers,2800,15,42000,141,110,4
2026-05-30,PROD-004,Lait en Poudre 400g (Boîte),Produits Laitiers,2800,22,61600,119,110,4
2026-05-31,PROD-004,Lait en Poudre 400g (Boîte),Produits Laitiers,2800,38,106400,81,110,4
2026-06-01,PROD-004,Lait en Poudre 400g (Boîte),Produits Laitiers,2800,29,81200,52,110,4
2026-06-02,PROD-004,Lait en Poudre 400g (Boîte),Produits Laitiers,2800,16,44800,36,110,4
2026-06-03,PROD-004,Lait en Poudre 400g (Boîte),Produits Laitiers,2800,18,50400,18,110,4
2026-06-04,PROD-004,Lait en Poudre 400g (Boîte),Produits Laitiers,2800,21,58800,177,110,4
2026-06-05,PROD-004,Lait en Poudre 400g (Boîte),Produits Laitiers,2800,21,58800,156,110,4
2026-06-06,PROD-004,Lait en Poudre 400g (Boîte),Produits Laitiers,2800,21,58800,135,110,4
2026-06-07,PROD-004,Lait en Poudre 400g (Boîte),Produits Laitiers,2800,33,92400,102,110,4
2026-06-08,PROD-004,Lait en Poudre 400g (Boîte),Produits Laitiers,2800,14,39200,88,110,4
2026-06-09,PROD-004,Lait en Poudre 400g (Boîte),Produits Laitiers,2800,17,47600,71,110,4
2026-06-10,PROD-004,Lait en Poudre 400g (Boîte),Produits Laitiers,2800,22,61600,49,110,4
2026-06-11,PROD-004,Lait en Poudre 400g (Boîte),Produits Laitiers,2800,23,64400,26,110,4
2026-06-12,PROD-004,Lait en Poudre 400g (Boîte),Produits Laitiers,2800,16,44800,190,110,4
2026-06-13,PROD-004,Lait en Poudre 400g (Boîte),Produits Laitiers,2800,26,72800,164,110,4
2026-06-14,PROD-004,Lait en Poudre 400g (Boîte),Produits Laitiers,2800,24,67200,140,110,4
2026-06-15,PROD-004,Lait en Poudre 400g (Boîte),Produits Laitiers,2800,15,42000,125,110,4
2026-06-16,PROD-004,Lait en Poudre 400g (Boîte),Produits Laitiers,2800,21,58800,104,110,4
2026-06-17,PROD-004,Lait en Poudre 400g (Boîte),Produits Laitiers,2800,19,53200,85,110,4
2026-06-18,PROD-004,Lait en Poudre 400g (Boîte),Produits Laitiers,2800,15,42000,70,110,4
2026-06-19,PROD-004,Lait en Poudre 400g (Boîte),Produits Laitiers,2800,18,50400,52,110,4
2026-06-20,PROD-004,Lait en Poudre 400g (Boîte),Produits Laitiers,2800,22,61600,30,110,4
2026-06-21,PROD-004,Lait en Poudre 400g (Boîte),Produits Laitiers,2800,32,89600,178,110,4
2026-06-22,PROD-004,Lait en Poudre 400g (Boîte),Produits Laitiers,2800,9,25200,169,110,4
2026-06-23,PROD-004,Lait en Poudre 400g (Boîte),Produits Laitiers,2800,14,39200,155,110,4
2026-06-24,PROD-004,Lait en Poudre 400g (Boîte),Produits Laitiers,2800,9,25200,146,110,4
2026-06-25,PROD-004,Lait en Poudre 400g (Boîte),Produits Laitiers,2800,10,28000,136,110,4
2026-06-26,PROD-004,Lait en Poudre 400g (Boîte),Produits Laitiers,2800,18,50400,118,110,4
2026-06-27,PROD-004,Lait en Poudre 400g (Boîte),Produits Laitiers,2800,20,56000,98,110,4
2026-06-28,PROD-004,Lait en Poudre 400g (Boîte),Produits Laitiers,2800,22,61600,76,110,4
2026-06-29,PROD-004,Lait en Poudre 400g (Boîte),Produits Laitiers,2800,20,56000,56,110,4
2026-06-30,PROD-004,Lait en Poudre 400g (Boîte),Produits Laitiers,2800,19,53200,37,110,4
2026-07-01,PROD-004,Lait en Poudre 400g (Boîte),Produits Laitiers,2800,14,39200,23,110,4
2026-07-02,PROD-004,Lait en Poudre 400g (Boîte),Produits Laitiers,2800,18,50400,185,110,4
2026-07-03,PROD-004,Lait en Poudre 400g (Boîte),Produits Laitiers,2800,20,56000,165,110,4
2026-07-04,PROD-004,Lait en Poudre 400g (Boîte),Produits Laitiers,2800,17,47600,148,110,4
2026-07-05,PROD-004,Lait en Poudre 400g (Boîte),Produits Laitiers,2800,21,58800,127,110,4
2026-07-06,PROD-004,Lait en Poudre 400g (Boîte),Produits Laitiers,2800,20,56000,107,110,4
2026-07-07,PROD-004,Lait en Poudre 400g (Boîte),Produits Laitiers,2800,9,25200,98,110,4
2026-07-08,PROD-004,Lait en Poudre 400g (Boîte),Produits Laitiers,2800,23,64400,75,110,4
2026-07-09,PROD-004,Lait en Poudre 400g (Boîte),Produits Laitiers,2800,11,30800,64,110,4
2026-07-10,PROD-004,Lait en Poudre 400g (Boîte),Produits Laitiers,2800,17,47600,47,110,4
2026-07-11,PROD-004,Lait en Poudre 400g (Boîte),Produits Laitiers,2800,25,70000,22,110,4
2026-07-12,PROD-004,Lait en Poudre 400g (Boîte),Produits Laitiers,2800,29,81200,173,110,4
2026-07-13,PROD-004,Lait en Poudre 400g (Boîte),Produits Laitiers,2800,13,36400,160,110,4
2026-07-14,PROD-004,Lait en Poudre 400g (Boîte),Produits Laitiers,2800,20,56000,140,110,4
2026-07-15,PROD-004,Lait en Poudre 400g (Boîte),Produits Laitiers,2800,14,39200,126,110,4
2026-07-16,PROD-004,Lait en Poudre 400g (Boîte),Produits Laitiers,2800,14,39200,112,110,4
2026-07-17,PROD-004,Lait en Poudre 400g (Boîte),Produits Laitiers,2800,18,50400,94,110,4
2026-07-18,PROD-004,Lait en Poudre 400g (Boîte),Produits Laitiers,2800,18,50400,76,110,4
2026-07-19,PROD-004,Lait en Poudre 400g (Boîte),Produits Laitiers,2800,23,64400,53,110,4
2026-07-20,PROD-004,Lait en Poudre 400g (Boîte),Produits Laitiers,2800,17,47600,36,110,4
2026-07-21,PROD-004,Lait en Poudre 400g (Boîte),Produits Laitiers,2800,18,50400,18,110,4
2026-07-22,PROD-004,Lait en Poudre 400g (Boîte),Produits Laitiers,2800,15,42000,183,110,4
2026-07-23,PROD-004,Lait en Poudre 400g (Boîte),Produits Laitiers,2800,18,50400,165,110,4
2026-07-24,PROD-004,Lait en Poudre 400g (Boîte),Produits Laitiers,2800,9,25200,156,110,4
2026-07-25,PROD-004,Lait en Poudre 400g (Boîte),Produits Laitiers,2800,29,81200,127,110,4
2026-07-26,PROD-004,Lait en Poudre 400g (Boîte),Produits Laitiers,2800,20,56000,107,110,4
2026-07-27,PROD-004,Lait en Poudre 400g (Boîte),Produits Laitiers,2800,15,42000,92,110,4
2026-07-28,PROD-004,Lait en Poudre 400g (Boîte),Produits Laitiers,2800,24,67200,68,110,4
2026-07-29,PROD-004,Lait en Poudre 400g (Boîte),Produits Laitiers,2800,11,30800,57,110,4
2026-01-30,PROD-005,Farine de Blé 25kg (Sac),Céréales,14500,18,261000,122,80,6
2026-01-31,PROD-005,Farine de Blé 25kg (Sac),Céréales,14500,10,145000,112,80,6
2026-02-01,PROD-005,Farine de Blé 25kg (Sac),Céréales,14500,10,145000,102,80,6
2026-02-02,PROD-005,Farine de Blé 25kg (Sac),Céréales,14500,10,145000,92,80,6
2026-02-03,PROD-005,Farine de Blé 25kg (Sac),Céréales,14500,10,145000,82,80,6
2026-02-04,PROD-005,Farine de Blé 25kg (Sac),Céréales,14500,11,159500,71,80,6
2026-02-05,PROD-005,Farine de Blé 25kg (Sac),Céréales,14500,15,217500,56,80,6
2026-02-06,PROD-005,Farine de Blé 25kg (Sac),Céréales,14500,14,203000,42,80,6
2026-02-07,PROD-005,Farine de Blé 25kg (Sac),Céréales,14500,15,217500,27,80,6
2026-02-08,PROD-005,Farine de Blé 25kg (Sac),Céréales,14500,12,174000,15,80,6
2026-02-09,PROD-005,Farine de Blé 25kg (Sac),Céréales,14500,10,145000,285,80,6
2026-02-10,PROD-005,Farine de Blé 25kg (Sac),Céréales,14500,7,101500,278,80,6
2026-02-11,PROD-005,Farine de Blé 25kg (Sac),Céréales,14500,13,188500,265,80,6
2026-02-12,PROD-005,Farine de Blé 25kg (Sac),Céréales,14500,7,101500,258,80,6
2026-02-13,PROD-005,Farine de Blé 25kg (Sac),Céréales,14500,13,188500,245,80,6
2026-02-14,PROD-005,Farine de Blé 25kg (Sac),Céréales,14500,12,174000,233,80,6
2026-02-15,PROD-005,Farine de Blé 25kg (Sac),Céréales,14500,9,130500,224,80,6
2026-02-16,PROD-005,Farine de Blé 25kg (Sac),Céréales,14500,10,145000,214,80,6
2026-02-17,PROD-005,Farine de Blé 25kg (Sac),Céréales,14500,8,116000,206,80,6
2026-02-18,PROD-005,Farine de Blé 25kg (Sac),Céréales,14500,9,130500,197,80,6
2026-02-19,PROD-005,Farine de Blé 25kg (Sac),Céréales,14500,9,130500,188,80,6
2026-02-20,PROD-005,Farine de Blé 25kg (Sac),Céréales,14500,12,174000,176,80,6
2026-02-21,PROD-005,Farine de Blé 25kg (Sac),Céréales,14500,12,174000,164,80,6
2026-02-22,PROD-005,Farine de Blé 25kg (Sac),Céréales,14500,8,116000,156,80,6
2026-02-23,PROD-005,Farine de Blé 25kg (Sac),Céréales,14500,2,29000,154,80,6
2026-02-24,PROD-005,Farine de Blé 25kg (Sac),Céréales,14500,11,159500,143,80,6
2026-02-25,PROD-005,Farine de Blé 25kg (Sac),Céréales,14500,8,116000,135,80,6
2026-02-26,PROD-005,Farine de Blé 25kg (Sac),Céréales,14500,6,87000,129,80,6
2026-02-27,PROD-005,Farine de Blé 25kg (Sac),Céréales,14500,9,130500,120,80,6
2026-02-28,PROD-005,Farine de Blé 25kg (Sac),Céréales,14500,12,174000,108,80,6
2026-03-01,PROD-005,Farine de Blé 25kg (Sac),Céréales,14500,9,130500,99,80,6
2026-03-02,PROD-005,Farine de Blé 25kg (Sac),Céréales,14500,9,130500,90,80,6
2026-03-03,PROD-005,Farine de Blé 25kg (Sac),Céréales,14500,15,217500,75,80,6
2026-03-04,PROD-005,Farine de Blé 25kg (Sac),Céréales,14500,4,58000,71,80,6
2026-03-05,PROD-005,Farine de Blé 25kg (Sac),Céréales,14500,8,116000,63,80,6
2026-03-06,PROD-005,Farine de Blé 25kg (Sac),Céréales,14500,12,174000,51,80,6
2026-03-07,PROD-005,Farine de Blé 25kg (Sac),Céréales,14500,16,232000,35,80,6
2026-03-08,PROD-005,Farine de Blé 25kg (Sac),Céréales,14500,14,203000,21,80,6
2026-03-09,PROD-005,Farine de Blé 25kg (Sac),Céréales,14500,7,101500,14,80,6
2026-03-10,PROD-005,Farine de Blé 25kg (Sac),Céréales,14500,8,116000,286,80,6
2026-03-11,PROD-005,Farine de Blé 25kg (Sac),Céréales,14500,11,159500,275,80,6
2026-03-12,PROD-005,Farine de Blé 25kg (Sac),Céréales,14500,6,87000,269,80,6
2026-03-13,PROD-005,Farine de Blé 25kg (Sac),Céréales,14500,12,174000,257,80,6
2026-03-14,PROD-005,Farine de Blé 25kg (Sac),Céréales,14500,16,232000,241,80,6
2026-03-15,PROD-005,Farine de Blé 25kg (Sac),Céréales,14500,7,101500,234,80,6
2026-03-16,PROD-005,Farine de Blé 25kg (Sac),Céréales,14500,10,145000,224,80,6
2026-03-17,PROD-005,Farine de Blé 25kg (Sac),Céréales,14500,6,87000,218,80,6
2026-03-18,PROD-005,Farine de Blé 25kg (Sac),Céréales,14500,11,159500,207,80,6
2026-03-19,PROD-005,Farine de Blé 25kg (Sac),Céréales,14500,8,116000,199,80,6
2026-03-20,PROD-005,Farine de Blé 25kg (Sac),Céréales,14500,12,174000,187,80,6
2026-03-21,PROD-005,Farine de Blé 25kg (Sac),Céréales,14500,10,145000,177,80,6
2026-03-22,PROD-005,Farine de Blé 25kg (Sac),Céréales,14500,17,246500,160,80,6
2026-03-23,PROD-005,Farine de Blé 25kg (Sac),Céréales,14500,7,101500,153,80,6
2026-03-24,PROD-005,Farine de Blé 25kg (Sac),Céréales,14500,12,174000,141,80,6
2026-03-25,PROD-005,Farine de Blé 25kg (Sac),Céréales,14500,6,87000,135,80,6
2026-03-26,PROD-005,Farine de Blé 25kg (Sac),Céréales,14500,13,188500,122,80,6
2026-03-27,PROD-005,Farine de Blé 25kg (Sac),Céréales,14500,6,87000,116,80,6
2026-03-28,PROD-005,Farine de Blé 25kg (Sac),Céréales,14500,12,174000,104,80,6
2026-03-29,PROD-005,Farine de Blé 25kg (Sac),Céréales,14500,15,217500,89,80,6
2026-03-30,PROD-005,Farine de Blé 25kg (Sac),Céréales,14500,10,145000,79,80,6
2026-03-31,PROD-005,Farine de Blé 25kg (Sac),Céréales,14500,9,130500,70,80,6
2026-04-01,PROD-005,Farine de Blé 25kg (Sac),Céréales,14500,16,232000,54,80,6
2026-04-02,PROD-005,Farine de Blé 25kg (Sac),Céréales,14500,21,304500,33,80,6
2026-04-03,PROD-005,Farine de Blé 25kg (Sac),Céréales,14500,10,145000,23,80,6
2026-04-04,PROD-005,Farine de Blé 25kg (Sac),Céréales,14500,12,174000,11,80,6
2026-04-05,PROD-005,Farine de Blé 25kg (Sac),Céréales,14500,13,188500,278,80,6
2026-04-06,PROD-005,Farine de Blé 25kg (Sac),Céréales,14500,13,188500,265,80,6
2026-04-07,PROD-005,Farine de Blé 25kg (Sac),Céréales,14500,13,188500,252,80,6
2026-04-08,PROD-005,Farine de Blé 25kg (Sac),Céréales,14500,15,217500,237,80,6
2026-04-09,PROD-005,Farine de Blé 25kg (Sac),Céréales,14500,15,217500,222,80,6
2026-04-10,PROD-005,Farine de Blé 25kg (Sac),Céréales,14500,13,188500,209,80,6
2026-04-11,PROD-005,Farine de Blé 25kg (Sac),Céréales,14500,9,130500,200,80,6
2026-04-12,PROD-005,Farine de Blé 25kg (Sac),Céréales,14500,12,174000,188,80,6
2026-04-13,PROD-005,Farine de Blé 25kg (Sac),Céréales,14500,8,116000,180,80,6
2026-04-14,PROD-005,Farine de Blé 25kg (Sac),Céréales,14500,9,130500,171,80,6
2026-04-15,PROD-005,Farine de Blé 25kg (Sac),Céréales,14500,9,130500,162,80,6
2026-04-16,PROD-005,Farine de Blé 25kg (Sac),Céréales,14500,14,203000,148,80,6
2026-04-17,PROD-005,Farine de Blé 25kg (Sac),Céréales,14500,12,174000,136,80,6
2026-04-18,PROD-005,Farine de Blé 25kg (Sac),Céréales,14500,14,203000,122,80,6
2026-04-19,PROD-005,Farine de Blé 25kg (Sac),Céréales,14500,9,130500,113,80,6
2026-04-20,PROD-005,Farine de Blé 25kg (Sac),Céréales,14500,6,87000,107,80,6
2026-04-21,PROD-005,Farine de Blé 25kg (Sac),Céréales,14500,5,72500,102,80,6
2026-04-22,PROD-005,Farine de Blé 25kg (Sac),Céréales,14500,2,29000,100,80,6
2026-04-23,PROD-005,Farine de Blé 25kg (Sac),Céréales,14500,8,116000,92,80,6
2026-04-24,PROD-005,Farine de Blé 25kg (Sac),Céréales,14500,9,130500,83,80,6
2026-04-25,PROD-005,Farine de Blé 25kg (Sac),Céréales,14500,11,159500,72,80,6
2026-04-26,PROD-005,Farine de Blé 25kg (Sac),Céréales,14500,11,159500,61,80,6
2026-04-27,PROD-005,Farine de Blé 25kg (Sac),Céréales,14500,6,87000,55,80,6
2026-04-28,PROD-005,Farine de Blé 25kg (Sac),Céréales,14500,6,87000,49,80,6
2026-04-29,PROD-005,Farine de Blé 25kg (Sac),Céréales,14500,7,101500,42,80,6
2026-04-30,PROD-005,Farine de Blé 25kg (Sac),Céréales,14500,11,159500,31,80,6
2026-05-01,PROD-005,Farine de Blé 25kg (Sac),Céréales,14500,5,72500,26,80,6
2026-05-02,PROD-005,Farine de Blé 25kg (Sac),Céréales,14500,13,188500,13,80,6
2026-05-03,PROD-005,Farine de Blé 25kg (Sac),Céréales,14500,14,203000,279,80,6
2026-05-04,PROD-005,Farine de Blé 25kg (Sac),Céréales,14500,3,43500,276,80,6
2026-05-05,PROD-005,Farine de Blé 25kg (Sac),Céréales,14500,11,159500,265,80,6
2026-05-06,PROD-005,Farine de Blé 25kg (Sac),Céréales,14500,13,188500,252,80,6
2026-05-07,PROD-005,Farine de Blé 25kg (Sac),Céréales,14500,10,145000,242,80,6
2026-05-08,PROD-005,Farine de Blé 25kg (Sac),Céréales,14500,8,116000,234,80,6
2026-05-09,PROD-005,Farine de Blé 25kg (Sac),Céréales,14500,19,275500,215,80,6
2026-05-10,PROD-005,Farine de Blé 25kg (Sac),Céréales,14500,14,203000,201,80,6
2026-05-11,PROD-005,Farine de Blé 25kg (Sac),Céréales,14500,11,159500,190,80,6
2026-05-12,PROD-005,Farine de Blé 25kg (Sac),Céréales,14500,11,159500,179,80,6
2026-05-13,PROD-005,Farine de Blé 25kg (Sac),Céréales,14500,12,174000,167,80,6
2026-05-14,PROD-005,Farine de Blé 25kg (Sac),Céréales,14500,6,87000,161,80,6
2026-05-15,PROD-005,Farine de Blé 25kg (Sac),Céréales,14500,9,130500,152,80,6
2026-05-16,PROD-005,Farine de Blé 25kg (Sac),Céréales,14500,15,217500,137,80,6
2026-05-17,PROD-005,Farine de Blé 25kg (Sac),Céréales,14500,12,174000,125,80,6
2026-05-18,PROD-005,Farine de Blé 25kg (Sac),Céréales,14500,5,72500,120,80,6
2026-05-19,PROD-005,Farine de Blé 25kg (Sac),Céréales,14500,6,87000,114,80,6
2026-05-20,PROD-005,Farine de Blé 25kg (Sac),Céréales,14500,12,174000,102,80,6
2026-05-21,PROD-005,Farine de Blé 25kg (Sac),Céréales,14500,8,116000,94,80,6
2026-05-22,PROD-005,Farine de Blé 25kg (Sac),Céréales,14500,9,130500,85,80,6
2026-05-23,PROD-005,Farine de Blé 25kg (Sac),Céréales,14500,16,232000,69,80,6
2026-05-24,PROD-005,Farine de Blé 25kg (Sac),Céréales,14500,12,174000,57,80,6
2026-05-25,PROD-005,Farine de Blé 25kg (Sac),Céréales,14500,5,72500,52,80,6
2026-05-26,PROD-005,Farine de Blé 25kg (Sac),Céréales,14500,12,174000,40,80,6
2026-05-27,PROD-005,Farine de Blé 25kg (Sac),Céréales,14500,12,174000,28,80,6
2026-05-28,PROD-005,Farine de Blé 25kg (Sac),Céréales,14500,13,188500,15,80,6
2026-05-29,PROD-005,Farine de Blé 25kg (Sac),Céréales,14500,10,145000,285,80,6
2026-05-30,PROD-005,Farine de Blé 25kg (Sac),Céréales,14500,11,159500,274,80,6
2026-05-31,PROD-005,Farine de Blé 25kg (Sac),Céréales,14500,18,261000,256,80,6
2026-06-01,PROD-005,Farine de Blé 25kg (Sac),Céréales,14500,7,101500,249,80,6
2026-06-02,PROD-005,Farine de Blé 25kg (Sac),Céréales,14500,12,174000,237,80,6
2026-06-03,PROD-005,Farine de Blé 25kg (Sac),Céréales,14500,12,174000,225,80,6
2026-06-04,PROD-005,Farine de Blé 25kg (Sac),Céréales,14500,14,203000,211,80,6
2026-06-05,PROD-005,Farine de Blé 25kg (Sac),Céréales,14500,5,72500,206,80,6
2026-06-06,PROD-005,Farine de Blé 25kg (Sac),Céréales,14500,8,116000,198,80,6
2026-06-07,PROD-005,Farine de Blé 25kg (Sac),Céréales,14500,14,203000,184,80,6
2026-06-08,PROD-005,Farine de Blé 25kg (Sac),Céréales,14500,9,130500,175,80,6
2026-06-09,PROD-005,Farine de Blé 25kg (Sac),Céréales,14500,11,159500,164,80,6
2026-06-10,PROD-005,Farine de Blé 25kg (Sac),Céréales,14500,5,72500,159,80,6
2026-06-11,PROD-005,Farine de Blé 25kg (Sac),Céréales,14500,3,43500,156,80,6
2026-06-12,PROD-005,Farine de Blé 25kg (Sac),Céréales,14500,9,130500,147,80,6
2026-06-13,PROD-005,Farine de Blé 25kg (Sac),Céréales,14500,11,159500,136,80,6
2026-06-14,PROD-005,Farine de Blé 25kg (Sac),Céréales,14500,13,188500,123,80,6
2026-06-15,PROD-005,Farine de Blé 25kg (Sac),Céréales,14500,12,174000,111,80,6
2026-06-16,PROD-005,Farine de Blé 25kg (Sac),Céréales,14500,11,159500,100,80,6
2026-06-17,PROD-005,Farine de Blé 25kg (Sac),Céréales,14500,7,101500,93,80,6
2026-06-18,PROD-005,Farine de Blé 25kg (Sac),Céréales,14500,6,87000,87,80,6
2026-06-19,PROD-005,Farine de Blé 25kg (Sac),Céréales,14500,7,101500,80,80,6
2026-06-20,PROD-005,Farine de Blé 25kg (Sac),Céréales,14500,11,159500,69,80,6
2026-06-21,PROD-005,Farine de Blé 25kg (Sac),Céréales,14500,6,87000,63,80,6
2026-06-22,PROD-005,Farine de Blé 25kg (Sac),Céréales,14500,5,72500,58,80,6
2026-06-23,PROD-005,Farine de Blé 25kg (Sac),Céréales,14500,10,145000,48,80,6
2026-06-24,PROD-005,Farine de Blé 25kg (Sac),Céréales,14500,8,116000,40,80,6
2026-06-25,PROD-005,Farine de Blé 25kg (Sac),Céréales,14500,12,174000,28,80,6
2026-06-26,PROD-005,Farine de Blé 25kg (Sac),Céréales,14500,10,145000,18,80,6
2026-06-27,PROD-005,Farine de Blé 25kg (Sac),Céréales,14500,7,101500,11,80,6
2026-06-28,PROD-005,Farine de Blé 25kg (Sac),Céréales,14500,10,145000,281,80,6
2026-06-29,PROD-005,Farine de Blé 25kg (Sac),Céréales,14500,3,43500,278,80,6
2026-06-30,PROD-005,Farine de Blé 25kg (Sac),Céréales,14500,6,87000,272,80,6
2026-07-01,PROD-005,Farine de Blé 25kg (Sac),Céréales,14500,10,145000,262,80,6
2026-07-02,PROD-005,Farine de Blé 25kg (Sac),Céréales,14500,6,87000,256,80,6
2026-07-03,PROD-005,Farine de Blé 25kg (Sac),Céréales,14500,13,188500,243,80,6
2026-07-04,PROD-005,Farine de Blé 25kg (Sac),Céréales,14500,13,188500,230,80,6
2026-07-05,PROD-005,Farine de Blé 25kg (Sac),Céréales,14500,20,290000,210,80,6
2026-07-06,PROD-005,Farine de Blé 25kg (Sac),Céréales,14500,14,203000,196,80,6
2026-07-07,PROD-005,Farine de Blé 25kg (Sac),Céréales,14500,10,145000,186,80,6
2026-07-08,PROD-005,Farine de Blé 25kg (Sac),Céréales,14500,5,72500,181,80,6
2026-07-09,PROD-005,Farine de Blé 25kg (Sac),Céréales,14500,8,116000,173,80,6
2026-07-10,PROD-005,Farine de Blé 25kg (Sac),Céréales,14500,13,188500,160,80,6
2026-07-11,PROD-005,Farine de Blé 25kg (Sac),Céréales,14500,25,362500,135,80,6
2026-07-12,PROD-005,Farine de Blé 25kg (Sac),Céréales,14500,13,188500,122,80,6
2026-07-13,PROD-005,Farine de Blé 25kg (Sac),Céréales,14500,7,101500,115,80,6
2026-07-14,PROD-005,Farine de Blé 25kg (Sac),Céréales,14500,14,203000,101,80,6
2026-07-15,PROD-005,Farine de Blé 25kg (Sac),Céréales,14500,2,29000,99,80,6
2026-07-16,PROD-005,Farine de Blé 25kg (Sac),Céréales,14500,9,130500,90,80,6
2026-07-17,PROD-005,Farine de Blé 25kg (Sac),Céréales,14500,7,101500,83,80,6
2026-07-18,PROD-005,Farine de Blé 25kg (Sac),Céréales,14500,17,246500,66,80,6
2026-07-19,PROD-005,Farine de Blé 25kg (Sac),Céréales,14500,21,304500,45,80,6
2026-07-20,PROD-005,Farine de Blé 25kg (Sac),Céréales,14500,11,159500,34,80,6
2026-07-21,PROD-005,Farine de Blé 25kg (Sac),Céréales,14500,13,188500,21,80,6
2026-07-22,PROD-005,Farine de Blé 25kg (Sac),Céréales,14500,4,58000,17,80,6
2026-07-23,PROD-005,Farine de Blé 25kg (Sac),Céréales,14500,8,116000,289,80,6
2026-07-24,PROD-005,Farine de Blé 25kg (Sac),Céréales,14500,5,72500,284,80,6
2026-07-25,PROD-005,Farine de Blé 25kg (Sac),Céréales,14500,11,159500,273,80,6
2026-07-26,PROD-005,Farine de Blé 25kg (Sac),Céréales,14500,15,217500,258,80,6
2026-07-27,PROD-005,Farine de Blé 25kg (Sac),Céréales,14500,12,174000,246,80,6
2026-07-28,PROD-005,Farine de Blé 25kg (Sac),Céréales,14500,5,72500,241,80,6
2026-07-29,PROD-005,Farine de Blé 25kg (Sac),Céréales,14500,14,203000,227,80,6
2026-01-30,PROD-006,Savon de Lave (Carton),Hygiène,4500,14,63000,21,60,3
2026-01-31,PROD-006,Savon de Lave (Carton),Hygiène,4500,17,76500,74,60,3
2026-02-01,PROD-006,Savon de Lave (Carton),Hygiène,4500,18,81000,56,60,3
2026-02-02,PROD-006,Savon de Lave (Carton),Hygiène,4500,10,45000,46,60,3
2026-02-03,PROD-006,Savon de Lave (Carton),Hygiène,4500,9,40500,37,60,3
2026-02-04,PROD-006,Savon de Lave (Carton),Hygiène,4500,13,58500,24,60,3
2026-02-05,PROD-006,Savon de Lave (Carton),Hygiène,4500,11,49500,13,60,3
2026-02-06,PROD-006,Savon de Lave (Carton),Hygiène,4500,16,72000,67,60,3
2026-02-07,PROD-006,Savon de Lave (Carton),Hygiène,4500,19,85500,48,60,3
2026-02-08,PROD-006,Savon de Lave (Carton),Hygiène,4500,18,81000,30,60,3
2026-02-09,PROD-006,Savon de Lave (Carton),Hygiène,4500,13,58500,17,60,3
2026-02-10,PROD-006,Savon de Lave (Carton),Hygiène,4500,24,108000,63,60,3
2026-02-11,PROD-006,Savon de Lave (Carton),Hygiène,4500,10,45000,53,60,3
2026-02-12,PROD-006,Savon de Lave (Carton),Hygiène,4500,9,40500,44,60,3
2026-02-13,PROD-006,Savon de Lave (Carton),Hygiène,4500,9,40500,35,60,3
2026-02-14,PROD-006,Savon de Lave (Carton),Hygiène,4500,16,72000,19,60,3
2026-02-15,PROD-006,Savon de Lave (Carton),Hygiène,4500,14,63000,75,60,3
2026-02-16,PROD-006,Savon de Lave (Carton),Hygiène,4500,15,67500,60,60,3
2026-02-17,PROD-006,Savon de Lave (Carton),Hygiène,4500,9,40500,51,60,3
2026-02-18,PROD-006,Savon de Lave (Carton),Hygiène,4500,13,58500,38,60,3
2026-02-19,PROD-006,Savon de Lave (Carton),Hygiène,4500,11,49500,27,60,3
2026-02-20,PROD-006,Savon de Lave (Carton),Hygiène,4500,8,36000,19,60,3
2026-02-21,PROD-006,Savon de Lave (Carton),Hygiène,4500,15,67500,74,60,3
2026-02-22,PROD-006,Savon de Lave (Carton),Hygiène,4500,16,72000,58,60,3
2026-02-23,PROD-006,Savon de Lave (Carton),Hygiène,4500,15,67500,43,60,3
2026-02-24,PROD-006,Savon de Lave (Carton),Hygiène,4500,14,63000,29,60,3
2026-02-25,PROD-006,Savon de Lave (Carton),Hygiène,4500,10,45000,19,60,3
2026-02-26,PROD-006,Savon de Lave (Carton),Hygiène,4500,10,45000,79,60,3
2026-02-27,PROD-006,Savon de Lave (Carton),Hygiène,4500,15,67500,64,60,3
2026-02-28,PROD-006,Savon de Lave (Carton),Hygiène,4500,19,85500,45,60,3
2026-03-01,PROD-006,Savon de Lave (Carton),Hygiène,4500,15,67500,30,60,3
2026-03-02,PROD-006,Savon de Lave (Carton),Hygiène,4500,17,76500,13,60,3
2026-03-03,PROD-006,Savon de Lave (Carton),Hygiène,4500,10,45000,73,60,3
2026-03-04,PROD-006,Savon de Lave (Carton),Hygiène,4500,17,76500,56,60,3
2026-03-05,PROD-006,Savon de Lave (Carton),Hygiène,4500,16,72000,40,60,3
2026-03-06,PROD-006,Savon de Lave (Carton),Hygiène,4500,14,63000,26,60,3
2026-03-07,PROD-006,Savon de Lave (Carton),Hygiène,4500,16,72000,80,60,3
2026-03-08,PROD-006,Savon de Lave (Carton),Hygiène,4500,17,76500,63,60,3
2026-03-09,PROD-006,Savon de Lave (Carton),Hygiène,4500,11,49500,52,60,3
2026-03-10,PROD-006,Savon de Lave (Carton),Hygiène,4500,12,54000,40,60,3
2026-03-11,PROD-006,Savon de Lave (Carton),Hygiène,4500,16,72000,24,60,3
2026-03-12,PROD-006,Savon de Lave (Carton),Hygiène,4500,12,54000,12,60,3
2026-03-13,PROD-006,Savon de Lave (Carton),Hygiène,4500,10,45000,72,60,3
2026-03-14,PROD-006,Savon de Lave (Carton),Hygiène,4500,15,67500,57,60,3
2026-03-15,PROD-006,Savon de Lave (Carton),Hygiène,4500,18,81000,39,60,3
2026-03-16,PROD-006,Savon de Lave (Carton),Hygiène,4500,12,54000,27,60,3
2026-03-17,PROD-006,Savon de Lave (Carton),Hygiène,4500,10,45000,17,60,3
2026-03-18,PROD-006,Savon de Lave (Carton),Hygiène,4500,5,22500,12,60,3
2026-03-19,PROD-006,Savon de Lave (Carton),Hygiène,4500,8,36000,74,60,3
2026-03-20,PROD-006,Savon de Lave (Carton),Hygiène,4500,10,45000,64,60,3
2026-03-21,PROD-006,Savon de Lave (Carton),Hygiène,4500,13,58500,51,60,3
2026-03-22,PROD-006,Savon de Lave (Carton),Hygiène,4500,10,45000,41,60,3
2026-03-23,PROD-006,Savon de Lave (Carton),Hygiène,4500,8,36000,33,60,3
2026-03-24,PROD-006,Savon de Lave (Carton),Hygiène,4500,7,31500,26,60,3
2026-03-25,PROD-006,Savon de Lave (Carton),Hygiène,4500,13,58500,13,60,3
2026-03-26,PROD-006,Savon de Lave (Carton),Hygiène,4500,11,49500,72,60,3
2026-03-27,PROD-006,Savon de Lave (Carton),Hygiène,4500,12,54000,60,60,3
2026-03-28,PROD-006,Savon de Lave (Carton),Hygiène,4500,12,54000,48,60,3
2026-03-29,PROD-006,Savon de Lave (Carton),Hygiène,4500,25,112500,23,60,3
2026-03-30,PROD-006,Savon de Lave (Carton),Hygiène,4500,15,67500,78,60,3
2026-03-31,PROD-006,Savon de Lave (Carton),Hygiène,4500,6,27000,72,60,3
2026-04-01,PROD-006,Savon de Lave (Carton),Hygiène,4500,11,49500,61,60,3
2026-04-02,PROD-006,Savon de Lave (Carton),Hygiène,4500,11,49500,50,60,3
2026-04-03,PROD-006,Savon de Lave (Carton),Hygiène,4500,12,54000,38,60,3
2026-04-04,PROD-006,Savon de Lave (Carton),Hygiène,4500,19,85500,19,60,3
2026-04-05,PROD-006,Savon de Lave (Carton),Hygiène,4500,15,67500,74,60,3
2026-04-06,PROD-006,Savon de Lave (Carton),Hygiène,4500,7,31500,67,60,3
2026-04-07,PROD-006,Savon de Lave (Carton),Hygiène,4500,10,45000,57,60,3
2026-04-08,PROD-006,Savon de Lave (Carton),Hygiène,4500,10,45000,47,60,3
2026-04-09,PROD-006,Savon de Lave (Carton),Hygiène,4500,13,58500,34,60,3
2026-04-10,PROD-006,Savon de Lave (Carton),Hygiène,4500,14,63000,20,60,3
2026-04-11,PROD-006,Savon de Lave (Carton),Hygiène,4500,18,81000,72,60,3
2026-04-12,PROD-006,Savon de Lave (Carton),Hygiène,4500,19,85500,53,60,3
2026-04-13,PROD-006,Savon de Lave (Carton),Hygiène,4500,15,67500,38,60,3
2026-04-14,PROD-006,Savon de Lave (Carton),Hygiène,4500,5,22500,33,60,3
2026-04-15,PROD-006,Savon de Lave (Carton),Hygiène,4500,17,76500,16,60,3
2026-04-16,PROD-006,Savon de Lave (Carton),Hygiène,4500,11,49500,75,60,3
2026-04-17,PROD-006,Savon de Lave (Carton),Hygiène,4500,9,40500,66,60,3
2026-04-18,PROD-006,Savon de Lave (Carton),Hygiène,4500,17,76500,49,60,3
2026-04-19,PROD-006,Savon de Lave (Carton),Hygiène,4500,14,63000,35,60,3
2026-04-20,PROD-006,Savon de Lave (Carton),Hygiène,4500,10,45000,25,60,3
2026-04-21,PROD-006,Savon de Lave (Carton),Hygiène,4500,9,40500,16,60,3
2026-04-22,PROD-006,Savon de Lave (Carton),Hygiène,4500,8,36000,78,60,3
2026-04-23,PROD-006,Savon de Lave (Carton),Hygiène,4500,12,54000,66,60,3
2026-04-24,PROD-006,Savon de Lave (Carton),Hygiène,4500,14,63000,52,60,3
2026-04-25,PROD-006,Savon de Lave (Carton),Hygiène,4500,15,67500,37,60,3
2026-04-26,PROD-006,Savon de Lave (Carton),Hygiène,4500,16,72000,21,60,3
2026-04-27,PROD-006,Savon de Lave (Carton),Hygiène,4500,12,54000,79,60,3
2026-04-28,PROD-006,Savon de Lave (Carton),Hygiène,4500,6,27000,73,60,3
2026-04-29,PROD-006,Savon de Lave (Carton),Hygiène,4500,13,58500,60,60,3
2026-04-30,PROD-006,Savon de Lave (Carton),Hygiène,4500,7,31500,53,60,3
2026-05-01,PROD-006,Savon de Lave (Carton),Hygiène,4500,17,76500,36,60,3
2026-05-02,PROD-006,Savon de Lave (Carton),Hygiène,4500,15,67500,21,60,3
2026-05-03,PROD-006,Savon de Lave (Carton),Hygiène,4500,14,63000,77,60,3
2026-05-04,PROD-006,Savon de Lave (Carton),Hygiène,4500,14,63000,63,60,3
2026-05-05,PROD-006,Savon de Lave (Carton),Hygiène,4500,10,45000,53,60,3
2026-05-06,PROD-006,Savon de Lave (Carton),Hygiène,4500,22,99000,31,60,3
2026-05-07,PROD-006,Savon de Lave (Carton),Hygiène,4500,14,63000,17,60,3
2026-05-08,PROD-006,Savon de Lave (Carton),Hygiène,4500,12,54000,75,60,3
2026-05-09,PROD-006,Savon de Lave (Carton),Hygiène,4500,21,94500,54,60,3
2026-05-10,PROD-006,Savon de Lave (Carton),Hygiène,4500,13,58500,41,60,3
2026-05-11,PROD-006,Savon de Lave (Carton),Hygiène,4500,12,54000,29,60,3
2026-05-12,PROD-006,Savon de Lave (Carton),Hygiène,4500,14,63000,15,60,3
2026-05-13,PROD-006,Savon de Lave (Carton),Hygiène,4500,7,31500,78,60,3
2026-05-14,PROD-006,Savon de Lave (Carton),Hygiène,4500,7,31500,71,60,3
2026-05-15,PROD-006,Savon de Lave (Carton),Hygiène,4500,7,31500,64,60,3
2026-05-16,PROD-006,Savon de Lave (Carton),Hygiène,4500,12,54000,52,60,3
2026-05-17,PROD-006,Savon de Lave (Carton),Hygiène,4500,21,94500,31,60,3
2026-05-18,PROD-006,Savon de Lave (Carton),Hygiène,4500,10,45000,21,60,3
2026-05-19,PROD-006,Savon de Lave (Carton),Hygiène,4500,4,18000,17,60,3
2026-05-20,PROD-006,Savon de Lave (Carton),Hygiène,4500,11,49500,76,60,3
2026-05-21,PROD-006,Savon de Lave (Carton),Hygiène,4500,11,49500,65,60,3
2026-05-22,PROD-006,Savon de Lave (Carton),Hygiène,4500,11,49500,54,60,3
2026-05-23,PROD-006,Savon de Lave (Carton),Hygiène,4500,12,54000,42,60,3
2026-05-24,PROD-006,Savon de Lave (Carton),Hygiène,4500,12,54000,30,60,3
2026-05-25,PROD-006,Savon de Lave (Carton),Hygiène,4500,6,27000,24,60,3
2026-05-26,PROD-006,Savon de Lave (Carton),Hygiène,4500,7,31500,17,60,3
2026-05-27,PROD-006,Savon de Lave (Carton),Hygiène,4500,10,45000,77,60,3
2026-05-28,PROD-006,Savon de Lave (Carton),Hygiène,4500,11,49500,66,60,3
2026-05-29,PROD-006,Savon de Lave (Carton),Hygiène,4500,14,63000,52,60,3
2026-05-30,PROD-006,Savon de Lave (Carton),Hygiène,4500,20,90000,32,60,3
2026-05-31,PROD-006,Savon de Lave (Carton),Hygiène,4500,11,49500,21,60,3
2026-06-01,PROD-006,Savon de Lave (Carton),Hygiène,4500,13,58500,78,60,3
2026-06-02,PROD-006,Savon de Lave (Carton),Hygiène,4500,8,36000,70,60,3
2026-06-03,PROD-006,Savon de Lave (Carton),Hygiène,4500,17,76500,53,60,3
2026-06-04,PROD-006,Savon de Lave (Carton),Hygiène,4500,18,81000,35,60,3
2026-06-05,PROD-006,Savon de Lave (Carton),Hygiène,4500,14,63000,21,60,3
2026-06-06,PROD-006,Savon de Lave (Carton),Hygiène,4500,25,112500,66,60,3
2026-06-07,PROD-006,Savon de Lave (Carton),Hygiène,4500,20,90000,46,60,3
2026-06-08,PROD-006,Savon de Lave (Carton),Hygiène,4500,13,58500,33,60,3
2026-06-09,PROD-006,Savon de Lave (Carton),Hygiène,4500,10,45000,23,60,3
2026-06-10,PROD-006,Savon de Lave (Carton),Hygiène,4500,11,49500,12,60,3
2026-06-11,PROD-006,Savon de Lave (Carton),Hygiène,4500,9,40500,73,60,3
2026-06-12,PROD-006,Savon de Lave (Carton),Hygiène,4500,18,81000,55,60,3
2026-06-13,PROD-006,Savon de Lave (Carton),Hygiène,4500,13,58500,42,60,3
2026-06-14,PROD-006,Savon de Lave (Carton),Hygiène,4500,19,85500,23,60,3
2026-06-15,PROD-006,Savon de Lave (Carton),Hygiène,4500,15,67500,78,60,3
2026-06-16,PROD-006,Savon de Lave (Carton),Hygiène,4500,14,63000,64,60,3
2026-06-17,PROD-006,Savon de Lave (Carton),Hygiène,4500,13,58500,51,60,3
2026-06-18,PROD-006,Savon de Lave (Carton),Hygiène,4500,17,76500,34,60,3
2026-06-19,PROD-006,Savon de Lave (Carton),Hygiène,4500,8,36000,26,60,3
2026-06-20,PROD-006,Savon de Lave (Carton),Hygiène,4500,10,45000,16,60,3
2026-06-21,PROD-006,Savon de Lave (Carton),Hygiène,4500,10,45000,76,60,3
2026-06-22,PROD-006,Savon de Lave (Carton),Hygiène,4500,10,45000,66,60,3
2026-06-23,PROD-006,Savon de Lave (Carton),Hygiène,4500,5,22500,61,60,3
2026-06-24,PROD-006,Savon de Lave (Carton),Hygiène,4500,12,54000,49,60,3
2026-06-25,PROD-006,Savon de Lave (Carton),Hygiène,4500,10,45000,39,60,3
2026-06-26,PROD-006,Savon de Lave (Carton),Hygiène,4500,9,40500,30,60,3
2026-06-27,PROD-006,Savon de Lave (Carton),Hygiène,4500,15,67500,15,60,3
2026-06-28,PROD-006,Savon de Lave (Carton),Hygiène,4500,17,76500,68,60,3
2026-06-29,PROD-006,Savon de Lave (Carton),Hygiène,4500,12,54000,56,60,3
2026-06-30,PROD-006,Savon de Lave (Carton),Hygiène,4500,13,58500,43,60,3
2026-07-01,PROD-006,Savon de Lave (Carton),Hygiène,4500,13,58500,30,60,3
2026-07-02,PROD-006,Savon de Lave (Carton),Hygiène,4500,11,49500,19,60,3
2026-07-03,PROD-006,Savon de Lave (Carton),Hygiène,4500,11,49500,78,60,3
2026-07-04,PROD-006,Savon de Lave (Carton),Hygiène,4500,26,117000,52,60,3
2026-07-05,PROD-006,Savon de Lave (Carton),Hygiène,4500,19,85500,33,60,3
2026-07-06,PROD-006,Savon de Lave (Carton),Hygiène,4500,15,67500,18,60,3
2026-07-07,PROD-006,Savon de Lave (Carton),Hygiène,4500,15,67500,73,60,3
2026-07-08,PROD-006,Savon de Lave (Carton),Hygiène,4500,12,54000,61,60,3
2026-07-09,PROD-006,Savon de Lave (Carton),Hygiène,4500,9,40500,52,60,3
2026-07-10,PROD-006,Savon de Lave (Carton),Hygiène,4500,15,67500,37,60,3
2026-07-11,PROD-006,Savon de Lave (Carton),Hygiène,4500,20,90000,17,60,3
2026-07-12,PROD-006,Savon de Lave (Carton),Hygiène,4500,13,58500,74,60,3
2026-07-13,PROD-006,Savon de Lave (Carton),Hygiène,4500,13,58500,61,60,3
2026-07-14,PROD-006,Savon de Lave (Carton),Hygiène,4500,14,63000,47,60,3
2026-07-15,PROD-006,Savon de Lave (Carton),Hygiène,4500,8,36000,39,60,3
2026-07-16,PROD-006,Savon de Lave (Carton),Hygiène,4500,14,63000,25,60,3
2026-07-17,PROD-006,Savon de Lave (Carton),Hygiène,4500,11,49500,14,60,3
2026-07-18,PROD-006,Savon de Lave (Carton),Hygiène,4500,14,63000,70,60,3
2026-07-19,PROD-006,Savon de Lave (Carton),Hygiène,4500,15,67500,55,60,3
2026-07-20,PROD-006,Savon de Lave (Carton),Hygiène,4500,7,31500,48,60,3
2026-07-21,PROD-006,Savon de Lave (Carton),Hygiène,4500,12,54000,36,60,3
2026-07-22,PROD-006,Savon de Lave (Carton),Hygiène,4500,12,54000,24,60,3
2026-07-23,PROD-006,Savon de Lave (Carton),Hygiène,4500,6,27000,18,60,3
2026-07-24,PROD-006,Savon de Lave (Carton),Hygiène,4500,10,45000,78,60,3
2026-07-25,PROD-006,Savon de Lave (Carton),Hygiène,4500,9,40500,69,60,3
2026-07-26,PROD-006,Savon de Lave (Carton),Hygiène,4500,13,58500,56,60,3
2026-07-27,PROD-006,Savon de Lave (Carton),Hygiène,4500,4,18000,52,60,3
2026-07-28,PROD-006,Savon de Lave (Carton),Hygiène,4500,14,63000,38,60,3
2026-07-29,PROD-006,Savon de Lave (Carton),Hygiène,4500,9,40500,29,60,3
